time,temp,humidity,windspeed,cloudcover,conditions,PM10,PM2.5,O3,NO2,CO,SO2
01-01-22 15:00,14,62.26,1.3,31.1,Partially cloudy,80.049,76.059,5.8,67.805,0.9025,5.3998
01-01-22 16:00,13.7,62.49,4.6,58,Partially cloudy,116.69,99.29,12,43.93,0.2656,6.4372
01-01-22 17:00,13,62.58,4.5,52.1,Partially cloudy,46.537,23.964,7.2,64.94,0.4222,7.98
01-01-22 18:00,12.8,58.91,3.8,29,Partially cloudy,55.914,32.643,6,70.097,0.4431,3.6442
01-01-22 19:00,13,56.5,3.7,52.4,Partially cloudy,48.06,26.204,6.8,61.311,0.3318,5.0274
01-01-22 20:00,10.9,71.26,9.4,89.1,Partially cloudy,42.05,27.941,8.6,52.907,0.1624,3.1388
01-01-22 21:00,11,71.27,7.4,89.1,Partially cloudy,28.109,21.206,16.6,35.908,0.0139,2.1546
01-01-22 22:00,12.7,58.23,10.6,7.4,Clear,15.156,15.193,12.4,36.29,0.0394,2.6334
01-01-22 23:00,8.9,81.47,0.3,89.1,Partially cloudy,21.941,14.03,13.2,45.84,0.1589,2.8728
02-01-22 0:00,9.9,76.46,5.1,89.1,Partially cloudy,29.935,16.891,8.8,60.356,0.4466,3.1654
02-01-22 1:00,12.4,60.4,3.6,8.6,Clear,47.839,24.762,13.4,44.503,0.1612,3.3782
02-01-22 2:00,8.8,82.08,0.2,99.4,Overcast,32.125,14.321,16.6,36.099,0.1299,3.0324
02-01-22 3:00,8.9,81.78,0,99.4,Overcast,19.109,16.911,14.4,39.728,0.109,2.793
02-01-22 4:00,10.5,65.14,7,8.5,Clear,20.978,14.093,7.6,44.121,0.1554,2.261
02-01-22 5:00,7.9,87.51,3.4,97.3,Overcast,23.976,19.823,8.2,38.391,0.1937,1.8354
02-01-22 6:00,7.9,87.51,0.3,99.4,Overcast,25.984,13.206,13.2,18.527,0.1241,1.6492
02-01-22 7:00,7.1,85.99,2.9,94.2,Overcast,21.039,22.637,9.2,23.875,0.1183,1.5694
02-01-22 8:00,7.8,87.83,0,85.8,Partially cloudy,18.022,15.289,5,29.605,0.152,1.8088
02-01-22 9:00,9,87.28,0,85.8,Partially cloudy,22.961,20.823,6,29.605,0.1717,1.729
02-01-22 10:00,10.2,80.76,0.6,70.4,Partially cloudy,35.891,29.732,5.4,40.11,0.2819,2.261
02-01-22 11:00,12,66.47,0.2,85.8,Partially cloudy,37.985,23.205,8,37.818,0.2042,1.995
02-01-22 12:00,14,58.32,3.6,48.8,Partially cloudy,28.114,20.094,18,24.83,0.1137,2.793
02-01-22 13:00,15.7,47.04,3.6,31,Partially cloudy,27.008,19.798,26,25.594,0.1218,4.4954
02-01-22 14:00,15.8,51.63,0.1,48.8,Partially cloudy,28.983,22.911,31.2,23.111,0.0487,4.0166
02-01-22 15:00,14.9,51.37,7.4,0,Clear,20.075,10.384,33,23.684,0.0532,3.6176
02-01-22 16:00,14.7,48.11,6.9,0.1,Clear,14.062,12.909,14.2,54.435,0.1902,5.1338
02-01-22 17:00,9,70.63,3.7,0,Clear,28.875,17.852,2.8,84.04,0.7505,5.719
02-01-22 18:00,6,75.81,0.1,0,Clear,68.587,44.177,3,80.984,1.0765,4.4688
02-01-22 19:00,8.2,70.06,7.2,0,Clear,118.596,85.7581,3.8,66.85,1.1322,3.8304
02-01-22 20:00,5,81.25,3.4,0,Clear,118.01,90.8781,3,48.132,0.7482,3.2984
02-01-22 21:00,3,86.7,3.4,0,Clear,89.243,70.759,2.4,45.84,0.6972,2.9526
02-01-22 22:00,3.3,85.93,8.3,0,Clear,71.191,59.328,2.2,41.829,0.522,2.1546
02-01-22 23:00,2,86.94,3.4,0,Clear,60.028,52.223,3.2,40.301,1.0614,3.3782
03-01-22 0:00,1,93.4,3.6,0,Clear,97.703,80.91,3,38.964,1.3456,3.591
03-01-22 1:00,2.9,89.72,7.2,0,Clear,115.835,96.557,2.6,37.245,1.1171,2.3674
03-01-22 2:00,0,92.98,3.4,0,Clear,99.156,69.83,2.8,25.021,0.8294,1.8354
03-01-22 3:00,-0.9,99.61,0.1,0,Clear,73.304,68.031,1.8,20.628,0.5371,1.3034
03-01-22 4:00,1,94.2,7,0.1,Clear,49.294,45.729,1.6,17.381,0.37,1.2768
03-01-22 5:00,-1.9,100,0.2,8.2,Clear,38.135,39.192,2.2,14.516,0.6937,1.3034
03-01-22 6:00,-2,100,1.9,8.2,Clear,61.705,58.364,2,15.662,0.7366,1.5162
03-01-22 7:00,0.2,94.79,3.6,29.9,Partially cloudy,62.992,59,2,16.426,0.7006,1.9684
03-01-22 8:00,-2,100,1.8,31.1,Partially cloudy,66.953,58.031,1.8,20.437,0.8259,5.7456
03-01-22 9:00,0.8,93.39,0,31.1,Partially cloudy,75.897,56.063,2,29.987,0.6392,8.0864
03-01-22 10:00,4.3,85.33,3.5,59.1,Partially cloudy,70.072,55.031,2.6,59.592,0.5893,5.4264
03-01-22 11:00,5.8,81.99,1.9,4.6,Clear,78.895,57.906,2.8,56.345,0.6751,4.522
03-01-22 12:00,7.9,76.42,0.1,4.6,Clear,85.926,59.941,4.4,50.615,0.3712,2.8728
03-01-22 13:00,10,64.43,3.6,49.8,Partially cloudy,59.293,40.592,5,57.682,0.471,3.7506
03-01-22 14:00,11.1,61.79,0.3,8.2,Clear,95.595,66.069,5.4,65.513,0.5371,4.9476
03-01-22 15:00,10.2,64.85,2.8,8.2,Clear,99.9661,73.748,4.2,77.737,0.6252,16.1462
03-01-22 16:00,9.2,73.67,1.7,87.8,Partially cloudy,98.016,72.075,2.6,78.119,0.7911,11.5976
03-01-22 17:00,6.3,85.4,3.9,0,Clear,125.867,93.248,3.4,84.613,1.254,9.6026
03-01-22 18:00,4.3,85.18,4.5,0,Clear,164.673,110.494,4.8,84.231,2.0288,8.2194
03-01-22 19:00,3.1,86.95,4.2,49.5,Partially cloudy,209.637,131.407,3.8,73.153,1.6275,5.7456
03-01-22 20:00,2.3,91.67,2.4,0,Clear,199.08,143.668,3,63.221,1.3526,5.6392
03-01-22 21:00,2.3,92.03,3.8,0,Clear,155.355,121.674,3,42.784,1.3085,4.3358
03-01-22 22:00,3.6,88.51,3.6,2.7,Clear,127.289,104.515,3.4,45.267,1.8838,5.32
03-01-22 23:00,1.2,92.68,0.5,0,Clear,179.586,133.88,3.2,36.672,2.0022,5.2402
04-01-22 0:00,0.2,99.22,0.2,0,Clear,194.883,153.288,2.8,33.043,1.5532,4.0432
04-01-22 1:00,1.7,91.63,7,2.2,Clear,147.563,116.241,2.4,27.886,1.2946,2.8196
04-01-22 2:00,0.1,92.98,0.1,0,Clear,108.328,95.7209,2.4,25.212,0.7621,2.0216
04-01-22 3:00,0,93.35,0.2,0,Clear,77.2419,68.047,2.4,21.201,0.8433,1.596
04-01-22 4:00,1.7,94.11,3.7,1.7,Clear,77,69.9041,3.2,16.617,1.6391,2.2078
04-01-22 5:00,-1.9,93.24,0.1,0,Clear,128.393,128.107,3.4,11.46,1.5614,1.8886
04-01-22 6:00,-1.9,92.87,0,2.5,Clear,124.038,121.331,2.6,17.763,1.3375,2.0482
04-01-22 7:00,-2.7,98.1,0,31.1,Partially cloudy,116.084,103.55,2.4,18.909,1.16,3.192
04-01-22 8:00,-1.9,93.24,0.1,87,Partially cloudy,105.08,91.448,2.4,17.381,1.2192,2.8462
04-01-22 9:00,-0.8,92.93,1.8,52.1,Partially cloudy,110.951,90.036,2.2,21.01,1.3259,5.5328
04-01-22 10:00,4.4,84.19,3.6,40.1,Partially cloudy,111,109.413,2.4,54.817,1.1704,4.3092
04-01-22 11:00,3.2,98.86,1.7,8.2,Clear,124.867,111.941,3,94.354,0.9152,4.3092
04-01-22 12:00,8.2,74.76,0.2,4.6,Clear,113.093,95.47,4.8,61.311,0.7668,5.4796
04-01-22 13:00,10.1,69.22,3.9,49.2,Partially cloudy,101.127,88.217,8.8,43.357,0.326,3.192
04-01-22 14:00,11.1,65.78,2.7,8.2,Clear,55.524,43.432,10.4,50.233,0.3202,2.5004
04-01-22 15:00,10.1,70.31,0.9,8.2,Clear,65.871,48.777,2.8,83.276,0.6983,3.8304
04-01-22 16:00,9.1,67.14,7,60.7,Partially cloudy,92.796,68.254,2.4,88.624,0.9199,2.8462
04-01-22 17:00,6.3,79.89,4.6,4.6,Clear,103.911,82.475,3.4,68.378,0.9384,6.8628
04-01-22 18:00,4.3,91.1,2.5,4.6,Clear,126.815,99.502,5.2,74.49,2.0787,5.2668
04-01-22 19:00,5.4,80.15,7.1,2.3,Clear,215.949,179.435,3.2,65.704,1.7528,5.9584
04-01-22 20:00,3.4,85.08,0.9,0,Clear,182.264,142.512,3.6,56.154,1.4952,4.5752
04-01-22 21:00,1.5,90.9,4.2,0,Clear,144.445,118.731,2.8,47.368,1.3537,4.4156
04-01-22 22:00,3,88.27,3.6,0.2,Clear,141.023,116.075,2.4,42.975,1.2087,3.9634
04-01-22 23:00,0.4,91.55,0.8,0,Clear,125.121,100.597,3,40.683,1.283,3.6708
05-01-22 0:00,-0.5,97.67,2.4,0,Clear,123.017,91.326,2.8,31.515,1.4198,3.1388
05-01-22 1:00,1.2,92.98,7.3,0,Clear,131.957,109.353,2.6,30.56,1.1264,2.5802
05-01-22 2:00,-1.6,98.82,0.5,0,Clear,101.267,83.8,2.4,25.021,0.9419,2.7132
05-01-22 3:00,-1.8,99.6,0.3,48.6,Partially cloudy,87.153,71.366,2.6,18.145,0.9918,1.8886
05-01-22 4:00,-1.9,94.85,3,41.5,Partially cloudy,84.0229,79.675,3,15.662,1.7075,2.3408
05-01-22 5:00,-2.7,99.6,0.4,42.6,Partially cloudy,139.375,138.108,2.8,13.561,1.5846,2.0748
05-01-22 6:00,-1.8,92.5,0.4,42.6,Partially cloudy,132.067,128.358,2.4,14.134,1.2447,1.7822
05-01-22 7:00,-1,96.56,3.7,39.9,Partially cloudy,108.255,96.9771,2.4,16.426,1.0011,2.7132
05-01-22 8:00,-0.8,92.56,0.6,44.2,Partially cloudy,93.125,88.288,2.8,18.336,1.2412,3.4846
05-01-22 9:00,-0.7,98.82,2.1,99.4,Overcast,100.927,92.85,2.6,23.111,1.1414,3.2452
05-01-22 10:00,2.6,92.38,3.5,53.7,Partially cloudy,109.897,95.906,2.8,58.446,1.0823,5.6924
05-01-22 11:00,1.6,97.71,2.6,96.1,Overcast,114.94,104.714,3,62.457,1.3607,5.8254
05-01-22 12:00,2.6,96.98,4.4,95.9,Overcast,147.725,132.163,2.2,57.109,1.1356,5.3732
05-01-22 13:00,5.9,88.79,3.5,99,Overcast,141.084,121.378,2.2,79.074,1.2934,4.2294
05-01-22 14:00,4.5,96.29,1,97.2,Overcast,156.871,140.249,5.6,48.896,0.3526,3.6176
05-01-22 15:00,6.4,90.22,1.1,27,Partially cloudy,64.04,56.244,4.8,60.547,0.4315,4.4688
05-01-22 16:00,7.9,78.28,3.6,29.9,Partially cloudy,77.8521,63.662,3,58.637,0.428,4.389
05-01-22 17:00,3.4,91.04,0.4,0,Clear,85.912,69.792,2,47.75,0.7702,5.2136
05-01-22 18:00,1.5,98.25,3.8,0,Clear,122.691,106.853,2.6,44.121,1.341,5.453
05-01-22 19:00,3.7,91.68,7,4.4,Clear,179.379,139.993,4.2,39.728,2.5903,4.8944
05-01-22 20:00,2.1,99.23,2.6,97.2,Overcast,240.316,220.04,4,32.852,2.7747,5.2402
05-01-22 21:00,2.1,92.73,2.6,97.2,Overcast,246.955,226.875,3.2,30.56,1.8641,5.7456
05-01-22 22:00,1.1,97.23,3.7,7.5,Clear,184.528,170.742,3.2,28.077,1.9163,5.0274
05-01-22 23:00,2.1,99.23,0.7,42.6,Partially cloudy,187.967,175.747,3.4,26.549,2.2678,4.4688
06-01-22 0:00,2.1,99.62,4.1,42.6,Partially cloudy,204.82,195.376,3.4,24.448,1.8282,3.6442
06-01-22 1:00,2.1,98.58,7.1,7.5,Clear,171.321,168.843,3.2,19.673,1.5973,3.4048
06-01-22 2:00,3.1,92.79,2.5,97.2,Overcast,150.246,143.788,2.8,18.909,1.5463,3.192
06-01-22 3:00,2.2,99.62,0.4,97.2,Overcast,142.067,141.06,3.6,21.01,2.2527,4.1496
06-01-22 4:00,3.2,95.48,3.7,8.4,Clear,226.619,225.076,3.6,21.774,2.175,3.8836
06-01-22 5:00,3.2,92.79,4.4,99.4,Overcast,236.919,243.404,3.4,22.347,1.7319,3.0058
06-01-22 6:00,3.2,92.79,2.7,99.4,Overcast,179.693,183.973,3.4,23.111,1.9639,3.2452
06-01-22 7:00,3.3,95.18,3.7,99,Overcast,206.797,211.853,3.4,22.156,2.2086,3.6442
06-01-22 8:00,3.3,98.48,1,99.4,Overcast,227.841,225.516,3.2,24.83,1.9824,4.0698
06-01-22 9:00,4.2,98.87,0.7,99.4,Overcast,194.276,189.437,2.4,61.311,1.9824,4.1496
06-01-22 10:00,7.9,81.97,3.7,89.7,Partially cloudy,206.892,195.764,2,96.264,1.3607,3.591
06-01-22 11:00,10,81.02,0.7,31.1,Partially cloudy,152.519,139.752,4.2,40.492,0.3816,3.458
06-01-22 12:00,11.1,75.8,0.2,8.2,Clear,63.646,60.922,3.8,56.536,0.5406,3.2186
06-01-22 13:00,10.3,73.37,7.1,88.9,Partially cloudy,77.8669,69.639,4.4,57.682,0.4663,3.4314
06-01-22 14:00,10.8,76.05,10.4,8.2,Clear,68.119,61.287,6,54.244,0.348,2.5536
06-01-22 15:00,10.5,76.42,5.6,32.6,Partially cloudy,68,53.294,4.2,73.344,0.5174,2.8196
06-01-22 16:00,8.7,80.95,5.2,58.2,Partially cloudy,80.866,58.817,2.8,64.94,0.6044,2.5536
06-01-22 17:00,6.7,81.49,5.5,31.1,Partially cloudy,91.911,68.704,3.6,54.053,0.863,3.0856
06-01-22 18:00,7.6,76.67,18.8,52.1,Partially cloudy,144.485,115.549,3.6,51.952,0.8236,4.0964
06-01-22 19:00,6.2,72.67,24.7,89.6,Partially cloudy,109.261,81.361,4.2,42.211,0.1995,3.9634
06-01-22 20:00,5.7,76.64,25.6,31.1,Partially cloudy,52.491,29.568,4.8,40.11,0.2042,3.7506
06-01-22 21:00,5.7,71.62,21.6,89.1,Partially cloudy,44.078,30.909,5.2,35.335,0.2216,3.1388
06-01-22 22:00,5.1,75.82,14.1,9.5,Clear,36.02,26.161,4.8,36.29,0.2262,2.4472
06-01-22 23:00,5.7,71.62,11.1,99.4,Overcast,34.008,26,7,29.987,0.174,2.2078
07-01-22 0:00,4.7,76.48,12.6,99.4,Overcast,29.036,26,9.8,25.976,0.1647,1.862
07-01-22 1:00,4.3,73.83,11,9.6,Clear,20.083,18.24,15.4,19.291,0.087,1.729
07-01-22 2:00,4.7,76.48,10.8,99.4,Overcast,13.066,12.181,17.8,14.516,0.0615,1.8886
07-01-22 3:00,4.7,76.48,5.1,99.4,Overcast,10.026,12.97,23.2,9.55,0.0151,1.7556
07-01-22 4:00,3.6,77.07,10.6,9.6,Clear,10,9.113,24.8,8.977,0.142,1.862
07-01-22 5:00,3.8,76.03,3.4,99.4,Overcast,9.007,6.11,20.4,7.831,0.0245,1.6492
07-01-22 6:00,2.8,87.02,0,99.4,Overcast,6.022,6,18,11.078,0.0104,1.8088
07-01-22 7:00,3,84.75,3.6,99.4,Overcast,6,10.713,18.2,14.898,0.0151,2.3408
07-01-22 8:00,3.8,76.03,5.1,99.4,Overcast,6.99,11,15,20.437,0.0336,2.5004
07-01-22 9:00,3.8,76.03,5.1,89.1,Partially cloudy,7.997,11.968,11.4,25.594,0.0766,2.6068
07-01-22 10:00,4.5,69.37,7.2,90,Partially cloudy,17.711,10.064,11.2,32.279,0.0974,2.926
07-01-22 11:00,5.7,66.64,0.5,89.1,Partially cloudy,19.978,11.937,16.8,22.538,0.1044,2.527
07-01-22 12:00,5.7,66.64,0.6,89.1,Partially cloudy,17.025,13.924,17.4,23.875,0.0893,2.66
07-01-22 13:00,6.3,61.23,6.9,89.9,Partially cloudy,17,13.032,14.4,31.324,0.1717,2.2078
07-01-22 14:00,6.7,62.2,9.4,89.1,Partially cloudy,25.96,19.764,19.8,21.774,0.0545,2.4472
07-01-22 15:00,5.8,66.13,9.4,89.1,Partially cloudy,16.025,19.032,13.8,34.189,0.1114,2.2344
07-01-22 16:00,5.1,67.93,13.8,89.9,Partially cloudy,27.869,21.896,5.8,43.166,0.2819,1.995
07-01-22 17:00,4.8,71.16,7.4,89.1,Partially cloudy,38.907,25.848,4.2,51.761,0.3422,1.8354
07-01-22 18:00,3.8,70.97,7.4,89.1,Partially cloudy,39,28.91,4.6,51.188,0.3306,1.862
07-01-22 19:00,3.8,67.04,11.4,84,Partially cloudy,48.903,36.757,4.6,49.469,0.3944,1.6758
07-01-22 20:00,3.8,70.69,9.3,89.1,Partially cloudy,52.99,45.709,3.4,48.514,0.4547,2.1812
07-01-22 21:00,3.8,70.42,5.5,99.4,Overcast,54.983,45.038,10.8,26.74,0.2076,2.0748
07-01-22 22:00,3.5,73.3,3.8,9.6,Clear,31.221,29.488,11.4,24.066,0.239,1.8886
07-01-22 23:00,3.8,70.69,3.7,99.4,Overcast,34.968,33.812,10,23.493,0.2424,1.9418
08-01-22 0:00,2.9,75.57,7.3,99.4,Overcast,34.003,27.228,8.2,29.223,0.3306,2.527
08-01-22 1:00,3.3,71.95,3.8,9.6,Clear,36.987,36.665,7.8,27.504,0.3503,3.3782
08-01-22 2:00,2.8,81.27,3.6,99.4,Overcast,40.971,36.635,13.4,13.179,0.2216,2.66
08-01-22 3:00,2.8,81.27,3.8,99.4,Overcast,36.051,33.123,13.4,11.46,0.2216,1.862
08-01-22 4:00,3.1,78.3,3.5,9.6,Clear,35.003,30.098,11.4,10.505,0.225,1.8354
08-01-22 5:00,2.8,87.02,0.3,99.4,Overcast,35.996,36.765,10,8.022,0.2274,1.7822
08-01-22 6:00,1.9,93.08,0.2,99.4,Overcast,34.017,36.038,6,12.797,0.2216,1.596
08-01-22 7:00,2.8,84.85,3.7,100,"Rain, Overcast",37.964,41.817,5.4,13.37,0.2181,1.5428
08-01-22 8:00,2,99.23,0.2,99.4,Overcast,39.977,33.288,3.6,17.763,0.2517,1.8088
08-01-22 9:00,2.9,92.78,0.1,99.4,Overcast,41.991,40.728,4.2,18.336,0.2587,2.1014
08-01-22 10:00,3.3,83.15,3.5,99.2,Overcast,43.985,43.887,3.6,25.785,0.319,2.1014
08-01-22 11:00,3.9,86.46,0.3,99.4,Overcast,52.925,53.624,4,30.56,0.4153,2.4738
08-01-22 12:00,3.9,86.79,2.2,99.4,Overcast,60.933,64.584,4.6,41.256,0.4907,2.261
08-01-22 13:00,5.7,75.59,3.7,99.2,"Rain, Overcast",63.974,56.273,6.2,41.256,0.4837,2.261
08-01-22 14:00,4.9,80.93,2.2,99.4,Overcast,72.907,73.447,8.4,39.728,0.428,2.7398
08-01-22 15:00,4.9,86.89,0.4,99.4,Overcast,73.996,72.067,5,39.728,0.3921,2.6334
08-01-22 16:00,5.6,78.58,3.2,90.1,Overcast,72.015,66.2209,7.2,33.425,0.3318,2.6068
08-01-22 17:00,4.9,86.89,0.3,99.4,Overcast,66.063,57.276,2.6,36.099,0.4222,3.059
08-01-22 18:00,4.9,86.89,0.2,99.4,Overcast,76.8719,63.79,2.2,33.807,0.5371,2.9526
08-01-22 19:00,4.6,84.47,3.5,90.1,"Rain, Overcast",81.964,68.817,2.8,32.279,0.8723,3.2984
08-01-22 20:00,4.9,87.2,0.1,96.9,Overcast,112.681,93.239,2.8,27.886,0.9373,3.2984
08-01-22 21:00,4.9,87.2,0.6,96.9,Overcast,113,100.763,3,33.425,1.1426,2.926
08-01-22 22:00,4.1,88.91,3.5,8.7,Clear,126.883,111.586,2.4,28.459,0.9176,2.261
08-01-22 23:00,3,86.7,9.4,89,Partially cloudy,101.289,93.5911,3,30.942,1.0173,2.4472
09-01-22 0:00,4,99.24,0.4,99.4,Overcast,113.902,97.819,2.6,26.549,1.0359,2.7664
09-01-22 1:00,4.1,87.14,3.7,8.7,Clear,114,100.916,3.4,25.594,1.3688,2.793
09-01-22 2:00,3.9,99.62,0.7,99.4,Overcast,129.866,119.463,3.4,20.055,1.7087,2.7398
09-01-22 3:00,3.9,99.62,0.8,99.4,Overcast,150.842,138.301,2.2,18.336,0.957,2.3674
09-01-22 4:00,4,97.12,3.9,96.9,Overcast,102.45,93.427,1.8,17.763,0.7412,2.3142
09-01-22 5:00,3.8,99.62,4.3,99.4,Overcast,85.175,80.364,1.8,17.381,0.5951,2.4472
09-01-22 6:00,3.8,93.19,0.7,99.4,Overcast,74.092,73.266,1.8,18.718,0.6287,2.0482
09-01-22 7:00,3.6,93.29,3.7,98.7,Overcast,84.88,77.837,2,20.819,1.015,3.1122
09-01-22 8:00,1,95.24,12.2,100,Overcast,108.727,100.266,2,19.864,1.1403,3.192
09-01-22 9:00,4.8,93.24,5.9,100,Overcast,115.949,107.744,2.4,27.122,1.0788,3.1654
09-01-22 10:00,5.5,86.38,3.7,99,Overcast,117.981,105.092,2.8,51.188,1.044,2.7664
09-01-22 11:00,5.7,93.29,0.7,100,Overcast,126.934,109.811,3.6,38.964,0.5951,2.66
09-01-22 12:00,5.7,93.29,0.7,100,Overcast,81.373,77.281,5.6,23.111,0.2053,2.4472
09-01-22 13:00,7.1,83.1,3.7,99.1,Overcast,46.381,46.063,6.8,22.729,0.174,2.6866
09-01-22 14:00,7.7,87.49,0.5,52.7,Partially cloudy,43.022,43.074,3.2,37.818,0.3364,2.66
09-01-22 15:00,7.7,87.49,0.4,52.7,Partially cloudy,62.849,51.666,2.8,47.368,0.5719,2.6334
09-01-22 16:00,7.1,82.26,3.6,99.1,Overcast,80.825,74.302,2,41.065,0.4269,2.2078
09-01-22 17:00,6.7,87.4,0.5,89.1,Partially cloudy,78.0229,67.296,2.6,33.043,0.4721,2.5004
09-01-22 18:00,6.7,87.4,0.5,99.4,Overcast,78,65.061,2.8,24.257,0.5232,3.591
09-01-22 19:00,5.9,84.54,10.4,100,"Rain, Overcast",64.035,57.257,2,25.976,0.522,3.2718
09-01-22 20:00,6.7,87.4,5.7,99.4,Overcast,58.055,51.184,2.6,22.92,0.5197,3.1122
09-01-22 21:00,5.8,93.29,2.4,99.4,Overcast,52.072,48.095,2,24.448,0.5719,3.3782
09-01-22 22:00,5.2,91.62,4,8.7,Clear,52,52.811,2.2,29.414,0.7865,3.4846
09-01-22 23:00,5.7,87.31,8.6,99.4,Overcast,64.891,57.858,2,28.841,0.7679,3.8038
10-01-22 0:00,4.8,93.24,12.1,99.4,Overcast,61.04,58,1.6,25.785,0.5464,3.325
10-01-22 1:00,4.6,93.05,14.9,96.9,"Rain, Overcast",41.223,41.522,1.4,20.246,0.5046,2.0482
10-01-22 2:00,4.7,87.54,19,99.4,Overcast,39.008,33.27,1.6,16.808,0.4072,3.1654
10-01-22 3:00,3.8,93.54,20.7,99.4,Overcast,30.065,27.221,2,14.325,0.2239,2.3674
10-01-22 4:00,2.7,91.5,13.9,8.7,Clear,22.078,20.215,2.6,13.179,0.1775,2.261
10-01-22 5:00,2.8,93.13,13.7,99.4,Overcast,18.018,14.201,2.6,12.224,0.1856,2.4472
10-01-22 6:00,2.8,93.13,12,99.4,Overcast,9.08,13.028,2.8,11.269,0.2332,2.3142
10-01-22 7:00,1.9,91.07,14.4,99.2,"Snow, Rain, Overcast",11.971,12.031,2.8,16.999,0.326,1.862
10-01-22 8:00,1.8,93.08,15.5,99.4,Overcast,16.959,13.927,2.4,24.257,0.4408,2.5004
10-01-22 9:00,1.7,99.53,8.7,100,Overcast,22.972,22.691,2.2,29.414,0.4988,2.66
10-01-22 10:00,1.8,93.52,8.2,100,Overcast,23,23,2.2,29.223,0.4501,2.9792
10-01-22 11:00,0.8,99.61,6.6,100,Overcast,23.989,24.939,2,31.897,0.442,3.4314
10-01-22 12:00,0,99.22,3.2,99.4,Overcast,27.981,27.899,2,41.447,0.6566,3.4048
10-01-22 13:00,0.8,90.38,13.6,99.2,"Snow, Overcast",34.947,34.737,2.2,46.413,0.6287,2.128
10-01-22 14:00,-0.1,99.61,3.3,100,Overcast,28.062,30.182,2.2,38.391,0.5765,2.2876
10-01-22 15:00,-0.1,99.61,4.5,100,"Snow, Overcast",27.007,32.889,2.2,36.099,0.5777,2.2344
10-01-22 16:00,-0.2,97.95,6.5,99.2,Overcast,30.959,27.184,2.2,35.526,0.5951,2.6866
10-01-22 17:00,-0.1,92.97,4.6,100,"Snow, Overcast",25.055,26.036,2,42.02,0.66,2.5536
10-01-22 18:00,-0.2,93.34,4.8,100,"Snow, Overcast",20.036,25.037,2.2,32.852,0.4733,2.1546
10-01-22 19:00,-0.2,95.09,14,99.2,"Snow, Overcast",21.978,25.969,2.8,30.56,0.3944,1.9152
10-01-22 20:00,-0.2,100,6.5,100,Overcast,20.015,22.147,3.2,29.414,0.3236,2.1014
10-01-22 21:00,-0.2,99.61,6.5,100,"Snow, Overcast",20.991,22,3.6,28.65,0.3306,2.1014
10-01-22 22:00,0.7,83.54,10,9.6,Clear,17.043,21.031,4,27.886,0.2645,1.9684
10-01-22 23:00,-0.1,92.97,4.7,100,"Snow, Overcast",21.976,28.73,4.2,32.852,0.2274,1.8088
11-01-22 0:00,0.8,86.83,10.1,100,"Snow, Overcast",22.992,29.963,5.4,26.358,0.1636,1.9152
11-01-22 1:00,1.2,80.14,10.9,9.6,Snow,14.075,23.265,8,26.358,0.1404,2.0748
11-01-22 2:00,0.8,86.83,6.4,99.4,Overcast,16.973,24.928,11.4,22.538,0.0974,2.4738
11-01-22 3:00,0.3,90.22,4.6,99.4,"Snow, Overcast",16.009,18.252,15,14.707,0.0789,2.3142
11-01-22 4:00,1.2,81.03,10.9,6.3,Clear,16.992,18.962,14,9.359,0.0708,2.0748
11-01-22 5:00,-0.1,92.6,8.4,99.4,Overcast,12.046,18.031,11,7.258,0.0684,2.1014
11-01-22 6:00,-0.1,92.6,7.1,99.4,"Snow, Overcast",11.011,16.06,10.8,13.943,0.1009,2.3408
11-01-22 7:00,1.5,78.14,10.6,90.9,Overcast,12.985,16.963,8.6,23.493,0.1578,3.591
11-01-22 8:00,-0.1,86.73,3.7,89.1,Partially cloudy,13,17.969,4.6,38.009,0.3515,2.8994
11-01-22 9:00,1.8,75.39,4.7,89.1,Partially cloudy,16.982,22.833,3.8,46.031,0.406,3.1388
11-01-22 10:00,2.2,76.21,10.4,99,Overcast,18.985,23,4.6,47.941,0.4106,3.0856
11-01-22 11:00,1.8,80.82,10.6,89.1,Partially cloudy,25.928,27.846,5.8,47.368,0.3782,3.4846
11-01-22 12:00,2.8,75.56,6.9,89.1,Partially cloudy,24.022,23.156,5.6,46.604,0.377,3.1122
11-01-22 13:00,2.6,72.1,26.9,98.7,Overcast,30.947,25.89,7,50.615,0.4222,2.8728
11-01-22 14:00,2.8,75.56,10.4,89.1,Partially cloudy,41.887,26,7.4,47.368,0.4269,3.1122
11-01-22 15:00,2.8,75.56,6.6,99.4,"Rain, Overcast",37.057,26.968,7,51.952,0.4118,2.8728
11-01-22 16:00,1.7,73.14,26.7,99.8,Overcast,46.922,23.878,5.4,57.873,0.5603,3.458
11-01-22 17:00,1.8,75.38,4.8,99.4,"Snow, Overcast",48.978,27.875,5.6,56.536,0.544,3.059
11-01-22 18:00,1.8,75.38,4.5,99.4,"Snow, Overcast",53.976,30.898,8.8,43.357,0.3376,4.3358
11-01-22 19:00,0.7,75.61,24.1,100,Overcast,42.107,25.229,8.4,43.739,0.3399,5.2402
11-01-22 20:00,1.7,75.37,1.6,99.4,Overcast,34.076,24.031,11.6,36.672,0.2459,6.251
11-01-22 21:00,0.8,75.2,8.7,89.1,Partially cloudy,34,24.966,11,37.436,0.2517,5.4264
11-01-22 22:00,-0.3,77.07,33.5,8.7,Clear,34.991,17.29,13.6,33.616,0.2018,5.6392
11-01-22 23:00,0.8,75.2,8.5,89.1,Partially cloudy,29.053,20.877,14.8,32.47,0.203,6.517
12-01-22 0:00,-0.2,86.38,4.9,89.1,Partially cloudy,28.011,18.1,18.6,22.729,0.1404,5.586
12-01-22 1:00,-0.9,80.39,30.5,8.7,Clear,24.019,17.034,17.6,19.291,0.1531,5.0806
12-01-22 2:00,-0.2,86.38,10.1,89.1,Partially cloudy,16.06,19.887,23.8,12.224,0.0696,4.2028
12-01-22 3:00,-0.2,80.53,10,89.1,"Snow, Partially cloudy",12.042,12.248,27.4,8.595,0.0452,4.4954
12-01-22 4:00,-0.7,74.86,27.2,8.3,Clear,17.983,13.934,31,6.685,0.0244,4.6816
12-01-22 5:00,-0.2,75.04,11.7,89.1,Partially cloudy,15.037,13.032,31.4,7.067,0.0267,5.0806
12-01-22 6:00,-0.2,80.53,13.6,89.1,Partially cloudy,14.005,13.966,21.4,15.853,0.0487,4.2028
12-01-22 7:00,-0.3,80.91,11,89.4,Partially cloudy,18.964,19.779,15.4,29.605,0.1183,5.187
12-01-22 8:00,-0.2,75.04,18.6,52.1,Partially cloudy,14.047,16.155,5.8,56.345,0.5058,4.522
12-01-22 9:00,-0.2,75.04,10.1,52.1,Partially cloudy,31.815,25.691,9.4,46.604,0.3016,3.9634
12-01-22 10:00,1.1,64.76,17.6,41,Partially cloudy,40.912,27.938,18.2,28.268,0.1357,2.9792
12-01-22 11:00,1.7,65.61,18.7,52.1,Partially cloudy,29.137,21.219,17.8,30.56,0.0847,2.7398
12-01-22 12:00,1.8,65.22,15.3,52.1,Partially cloudy,22.033,20.034,22.8,30.942,0.1404,2.3674
12-01-22 13:00,2,61.31,24.1,49.7,"Snow, Rain, Partially cloudy",26.964,19.037,18.4,39.919,0.1844,2.7132
12-01-22 14:00,1.7,60.97,27.6,52.1,Partially cloudy,30.958,19.969,23,27.886,0.0858,3.724
12-01-22 15:00,0.8,70.07,27.6,52.1,Partially cloudy,30.012,19.032,16,40.683,0.2065,6.3308
12-01-22 16:00,0.6,70.88,24.9,47.9,Partially cloudy,35.952,26.692,8,55.581,0.4976,6.251
12-01-22 17:00,-0.2,69.72,27.3,52.1,Partially cloudy,46.896,32.767,5.8,61.884,0.6264,5.7988
12-01-22 18:00,-0.2,69.58,25.7,52.1,Partially cloudy,49.972,33,7.2,50.042,0.4327,4.0166
12-01-22 19:00,-1.2,69.18,20.9,22.2,Partially cloudy,44.064,28.151,6.6,56.154,0.4246,3.5644
12-01-22 20:00,-1.2,69.37,23.8,31.1,Partially cloudy,46.967,28,11,44.312,0.3434,3.2984
12-01-22 21:00,-2.2,74.37,18.4,31.1,Partially cloudy,35.057,25.101,13,44.885,0.2923,3.6442
12-01-22 22:00,-1.9,71.16,24.4,4,Clear,35,29.833,11.8,46.031,0.3016,3.724
12-01-22 23:00,-2.2,69.3,20.6,31.1,Partially cloudy,35.996,27.1,17.4,41.638,0.2656,3.5378
13-01-22 0:00,-3.2,74.18,14.9,31.1,Partially cloudy,42.947,28.927,25.6,29.987,0.203,3.2186
13-01-22 1:00,-2.9,67.1,25.1,3.6,Clear,28.083,29,34.8,21.583,0.167,3.7506
13-01-22 2:00,-3.2,68.81,20.3,31.1,Partially cloudy,26.015,22.263,42.6,15.853,0.109,5.187
13-01-22 3:00,-3.2,64.06,26.7,89.1,Partially cloudy,20.062,22.969,49,10.505,0.0708,6.0116
13-01-22 4:00,-3.4,62.05,24.8,7.5,Clear,16.046,23.97,51,7.449,0.0638,5.7722
13-01-22 5:00,-3.2,64.06,21.7,89.1,Partially cloudy,18.987,17.232,52,8.213,0.0487,5.8254
13-01-22 6:00,-4.1,68.75,21.7,89.1,Partially cloudy,17.009,17,40.6,21.583,0.0986,5.1604
13-01-22 7:00,-3.8,59.28,18.1,90,Partially cloudy,22.955,19.888,20.8,49.851,0.21,7.5012
13-01-22 8:00,-4.1,68.46,19.9,89.1,Partially cloudy,26.963,20,11,69.333,0.4559,6.6766
13-01-22 9:00,-3.2,63.79,23.3,89.1,Partially cloudy,41.866,28.656,9.8,72.962,0.4188,6.251
13-01-22 10:00,-1.7,53.13,8.4,53.2,Partially cloudy,45.958,31.906,19.8,53.098,0.2993,6.9426
13-01-22 11:00,-2.2,54.99,5.5,88,Partially cloudy,30.178,25.217,31.6,33.807,0.1404,8.0598
13-01-22 12:00,-1.2,51.09,3.8,29,Partially cloudy,28.023,26.937,30.8,36.863,0.167,8.0598
13-01-22 13:00,-0.8,50.54,17.8,47,Partially cloudy,30.986,27.967,31.8,40.301,0.2053,6.4106
13-01-22 14:00,-1.2,59.49,19.9,2.5,Clear,31.995,29.933,34.6,35.717,0.1485,5.3466
13-01-22 15:00,-1.2,59.49,20.1,2.5,Clear,30.022,29.033,23.4,52.334,0.2506,4.6816
13-01-22 16:00,-1.1,81.68,11.1,0.1,Clear,43.938,34.797,15.6,68.187,0.4095,5.9052
13-01-22 17:00,-3.1,68.82,19.8,1.2,Clear,46.98,35,8.4,81.557,0.631,6.4106
13-01-22 18:00,-3.2,64.05,14.2,0,Clear,53.928,40.814,8.2,76.4,0.5382,6.0648
13-01-22 19:00,-3.3,65.53,11.1,0,Clear,59.935,49.722,7.6,75.636,0.464,5.4796
13-01-22 20:00,-4.3,69,14.2,0,Clear,60.992,48.076,5.4,57.682,0.7853,3.3516
13-01-22 21:00,-4.3,69.28,14.1,0,Clear,99.599,88.692,6.4,50.997,0.9698,3.3516
13-01-22 22:00,-5.2,72,7.2,0,Clear,109.925,110.222,6.6,55.199,0.7273,3.5378
13-01-22 23:00,-6.3,74.07,14.1,0,Clear,84.2679,74.189,8.2,46.795,0.8039,2.8462
14-01-22 0:00,-6.3,74.06,0.1,0,Clear,99.826,102.004,7,41.447,0.7726,2.394
14-01-22 1:00,-6.2,76.64,7.1,0,Clear,89.052,84.652,11.8,34.189,0.5487,2.5004
14-01-22 2:00,-7,85.64,0,0,Clear,58.225,58.965,19,21.392,0.4327,2.394
14-01-22 3:00,-8.1,92.5,3.6,0,Clear,49.098,57.031,16.8,22.538,0.4164,2.394
14-01-22 4:00,-6.5,79.59,10.8,0,Clear,48.01,51.654,21.4,15.28,0.3747,2.2344
14-01-22 5:00,-8.2,85.86,0,0,Clear,48,46.219,21.4,16.617,0.3457,2.2344
14-01-22 6:00,-8.2,85.68,0,1.5,Clear,44.041,51.812,13.8,26.358,0.3376,2.2078
14-01-22 7:00,-6.1,77.3,10.4,9.4,Clear,47.981,47.169,7.4,32.661,0.3944,2.527
14-01-22 8:00,-7.2,92.56,1.7,29,Partially cloudy,53.956,51.816,4,49.278,0.8677,3.591
14-01-22 9:00,-5.2,79.95,0,29,Partially cloudy,94.601,77.954,3,58.637,0.892,6.0382
14-01-22 10:00,0.4,63.21,3.7,29.9,Partially cloudy,94.009,74.194,9.6,54.053,0.587,4.1496
14-01-22 11:00,-0.2,64.22,0.1,2.5,Clear,75.158,65.3521,10,59.019,0.7192,7.7938
14-01-22 12:00,0.8,60.12,2,1.2,Clear,100.754,87.28,14.6,62.266,0.573,5.0806
14-01-22 13:00,4.8,44.54,7.2,29.2,Partially cloudy,97.019,75.446,15.4,65.131,0.471,5.7456
14-01-22 14:00,3.8,52.7,3.6,0,Clear,102.955,75,23.4,53.671,0.3039,9.4696
14-01-22 15:00,4.8,52.87,3.5,0,Clear,72.353,55.633,31,45.267,0.2865,9.31
14-01-22 16:00,3.9,62.87,2.7,0,Clear,59.094,40.561,14.2,70.288,0.4733,8.8844
14-01-22 17:00,0.9,69.67,0.1,0,Clear,74.844,52.592,3.6,101.23,1.1913,6.9426
14-01-22 18:00,-0.2,80.53,2.1,0,Clear,140.521,93.451,6.2,99.129,2.1495,6.9958
14-01-22 19:00,0.2,71.6,3.8,0.1,Clear,230.989,174.43,8,102.376,3.8118,6.0914
14-01-22 20:00,-3.1,92.8,3.6,0,Clear,335.247,260.8,6.4,94.927,3.4661,6.65
14-01-22 21:00,-3.1,86.24,1.9,0,Clear,297.314,228.415,7.2,80.793,3.937,7.847
14-01-22 22:00,-1.1,75.51,7.1,0,Clear,324.681,283.041,5.4,65.513,3.0114,5.6924
14-01-22 23:00,-6.5,96.24,2.7,0,Clear,243.641,210.951,3.8,57.873,1.7365,4.4422
15-01-22 0:00,-4.1,92.55,3.6,0,Clear,174.73,142.546,3.8,54.626,2.2956,4.522
15-01-22 1:00,-1.2,75.62,10.3,0.1,Clear,181.868,163.266,4.4,52.143,2.6657,3.8304
15-01-22 2:00,-4.2,86.13,3.6,0,Clear,196.817,186.266,4.6,45.84,2.7051,3.3516
15-01-22 3:00,-5.2,92.87,3.5,0,Clear,196.007,191.815,2.4,39.537,1.7261,3.4846
15-01-22 4:00,-1.5,78.35,7.1,4,Clear,131.632,122.257,2.8,34.38,1.7516,3.4846
15-01-22 5:00,-5.1,92.68,0.1,48.8,Partially cloudy,134.971,131.562,2.8,29.605,1.5532,2.8462
15-01-22 6:00,-5.1,92.49,2,48.8,Partially cloudy,117.195,113.598,2.4,32.088,1.8432,3.458
15-01-22 7:00,6.2,51.89,7.4,40.4,Partially cloudy,135.773,139.135,2.2,35.908,1.4222,3.1388
15-01-22 8:00,2.8,75.27,26.8,28.3,Partially cloudy,110.189,106.289,1,53.48,0.9106,4.7082
15-01-22 9:00,3.7,75.72,21.4,30,Partially cloudy,69.33,62.679,3,55.008,0.5707,4.256
15-01-22 10:00,6.3,62.72,23.7,19.8,Clear,59.089,51.387,6.2,59.019,0.4037,5.1072
15-01-22 11:00,7.8,57.75,21.7,30,Partially cloudy,61.974,33.697,13.2,48.514,0.2564,3.5378
15-01-22 12:00,7.8,50.11,24.8,27.8,Partially cloudy,43.143,24.333,22.8,29.032,0.1067,1.596
15-01-22 13:00,8.1,45.65,21.7,38.4,Partially cloudy,30.116,19.146,26,30.369,0.1183,1.729
15-01-22 14:00,8.8,43.65,22,27.8,Partially cloudy,25.047,18.029,25.8,35.144,0.1218,2.6866
15-01-22 15:00,6.8,49.73,18.2,27.8,Partially cloudy,29.949,17.031,29,33.616,0.1056,2.3408
15-01-22 16:00,7,46.65,14.4,28.5,Partially cloudy,27.029,17,20.6,49.087,0.21,2.0748
15-01-22 17:00,3.9,65.06,14.4,2.5,Clear,40.868,25.737,12,65.322,0.3457,2.5536
15-01-22 18:00,2.8,70.07,14.4,1.2,Clear,41.991,27.923,8.6,58.446,0.3758,2.527
15-01-22 19:00,2.5,66.12,8.5,0,Clear,52.911,30.885,9.8,46.031,0.3329,2.7398
15-01-22 20:00,0.9,75.07,19.6,0,Clear,45.082,37.781,5.4,55.963,0.4582,3.458
15-01-22 21:00,0.8,75.36,7.4,0,Clear,65.778,49.623,4.4,61.502,1.2969,3.9368
15-01-22 22:00,0.2,73.45,7,0,Clear,135.222,109.07,4.2,55.963,1.6344,3.2452
15-01-22 23:00,-1.2,80.71,0.1,0,Clear,161.797,128.329,5.6,49.66,1.9418,3.325
16-01-22 0:00,-2.2,86.52,0.2,0,Clear,186.694,172.536,4.8,47.559,2.0984,2.926
16-01-22 1:00,-1.5,78.9,7,0,Clear,191.956,168.231,3.8,40.874,1.6089,2.66
16-01-22 2:00,-4.1,86.31,0,0,Clear,120.66,114.969,4,36.863,2.1576,2.5536
16-01-22 3:00,-5.1,92.88,0,0,Clear,163.597,151.859,3,30.751,1.3676,1.9152
16-01-22 4:00,-3.6,85.25,10.4,0,Clear,92.6801,86.017,2.6,25.976,0.6252,1.197
16-01-22 5:00,-5.1,92.87,1.9,4.6,Clear,50.397,51.306,3.6,20.819,0.3584,0.9044
16-01-22 6:00,-6.1,92.62,3.4,4.6,Clear,35.121,34.575,3.6,20.628,0.4257,1.064
16-01-22 7:00,-6.2,93.33,0.1,7.1,Clear,33.023,35.937,3.2,31.133,0.6612,1.3034
16-01-22 8:00,-4.2,86.3,1.7,3.7,Clear,57.875,58.212,3,23.493,0.7552,1.2502
16-01-22 9:00,-2.2,85.99,3.4,2.5,Clear,62.964,61.889,3.6,29.987,0.3677,1.2768
16-01-22 10:00,-0.4,77.41,6.8,0,Clear,42.216,36.817,9.6,31.133,0.515,1.463
16-01-22 11:00,2.8,65.58,0.1,0,Clear,67.7111,65.051,17.6,28.841,0.5301,1.729
16-01-22 12:00,3.8,61.24,1.9,0,Clear,69.985,68.8881,21.2,35.335,0.4153,1.7024
16-01-22 13:00,5.5,51.99,3.6,0,Clear,56.128,51.556,31.8,27.504,0.2448,1.6758
16-01-22 14:00,5.8,53.58,3.8,0,Clear,45.131,40.348,36.8,27.504,0.1914,1.463
16-01-22 15:00,5.8,53.26,2,0,Clear,32.764,33.265,37.8,29.414,0.1357,1.7556
16-01-22 16:00,5.8,51.72,3.7,0,Clear,33,27.191,30.8,35.144,0.1798,2.793
16-01-22 17:00,1.8,70.14,1.8,0,Clear,37.975,31.83,11.8,57.873,0.5754,3.5112
16-01-22 18:00,-0.1,80.54,1.8,0,Clear,77.699,62.807,3.6,84.613,1.1194,2.128
16-01-22 19:00,0.6,71.81,3.7,0,Clear,117.611,85.151,4.2,59.21,1.0834,2.7664
16-01-22 20:00,-3,86.42,0.1,0,Clear,112.047,105.254,4.8,58.828,1.6043,2.5004
16-01-22 21:00,-3.1,86.42,0.1,0,Clear,159.493,136.022,3.8,51.57,1.0394,2.2078
16-01-22 22:00,-2,80.65,10.2,0,Clear,107.4,96.568,3.8,50.997,1.1148,1.8886
16-01-22 23:00,-5,92.5,0,4.6,Clear,107.99,89.189,3.4,44.885,0.957,1.995
17-01-22 0:00,-5,92.5,0,0,Clear,135.782,95.74,3.8,43.357,1.2644,2.1546
17-01-22 1:00,-5.2,92.67,3.6,0,Clear,125.095,111.35,3.2,34.953,1.1206,1.862
17-01-22 2:00,-6,93.01,0,0,Clear,103.233,99.4351,2.8,31.133,0.8735,1.33
17-01-22 3:00,-6,92.44,0.1,0,Clear,81.166,84.557,3,25.785,0.7865,0.931
17-01-22 4:00,-4.8,89.34,3.5,0,Clear,76.0439,76.312,3.4,23.493,1.0834,0.7448
17-01-22 5:00,-7,92.57,0,0,Clear,96.796,104.104,2.6,21.01,1.08,1.2502
17-01-22 6:00,-7,92.57,0,1.5,Clear,87.103,92.411,2.4,26.358,0.9489,0.8512
17-01-22 7:00,-5.7,91.02,6.9,0,Clear,80.033,79.438,2.2,19.482,0.725,0.9576
17-01-22 8:00,-6,92.63,0.1,6.5,Clear,68.0911,69.373,2.6,25.976,0.9176,2.1546
17-01-22 9:00,-4,92.75,0.3,8.2,Clear,83.8311,74.809,2.6,38.009,1.1298,5.2136
17-01-22 10:00,0.2,74.19,7.1,29,Partially cloudy,93.95,96.254,2.8,66.086,1.0568,4.9742
17-01-22 11:00,1,75.08,3.5,86.5,Partially cloudy,105.913,91.223,3.4,67.041,0.9384,5.4264
17-01-22 12:00,0.1,79.45,0.1,87,"Snow, Rain, Partially cloudy",129.753,112.304,2.8,84.04,0.9616,3.724
17-01-22 13:00,1.3,70.68,3.7,89.6,Partially cloudy,130.992,105.289,3.2,77.928,0.9593,3.1388
17-01-22 14:00,1.2,78.82,0.1,85.8,Partially cloudy,120.086,104.038,3.2,77.737,0.9524,3.192
17-01-22 15:00,2.2,73.81,0.4,85,Partially cloudy,127.924,97.27,3,85.759,1.022,2.9526
17-01-22 16:00,4.1,61.06,7.2,11.6,Clear,126.019,97,3.4,71.052,0.9779,3.325
17-01-22 17:00,-0.9,91.64,3.9,27,Partially cloudy,121.044,96.0391,3.2,72.771,0.8352,3.3782
17-01-22 18:00,-1.8,85,5.8,27,Partially cloudy,100.216,83.411,3.6,60.547,0.8213,3.325
17-01-22 19:00,-1.7,85.42,4,48.6,Partially cloudy,101.984,89.739,3.6,53.671,0.7598,2.5536
17-01-22 20:00,-2.7,90.97,2.2,1.5,Clear,98.041,82.252,3.6,48.323,0.8944,2.128
17-01-22 21:00,-1.8,85.16,9.3,29,Partially cloudy,99.979,94.589,3.4,52.143,0.9779,2.9792
17-01-22 22:00,1.1,76.63,7.2,3.2,Clear,97.015,82.439,4.6,55.199,1.9476,3.724
17-01-22 23:00,-2.7,84.54,0.7,30.1,Partially cloudy,163.458,148.405,4.6,48.705,2.0312,3.2984
18-01-22 0:00,-2.6,90.42,3,31.1,Partially cloudy,170.932,163.499,4.4,43.93,2.0926,2.8196
18-01-22 1:00,0.4,81.03,10.3,8.4,Clear,173.971,162.062,4.8,42.975,2.139,3.0324
18-01-22 2:00,-1.7,91.59,2.3,89.1,Partially cloudy,166.024,160.065,7.4,35.144,1.0046,2.527
18-01-22 3:00,3,85.7,4.3,87,Partially cloudy,77.7209,65.6851,31.6,9.55,0.389,1.8088
18-01-22 4:00,3.8,78.15,22.2,97.3,"Rain, Overcast",30.483,13.595,36.4,6.112,0.442,1.1172
18-01-22 5:00,2.8,60.02,34.5,27.9,Partially cloudy,17.062,9.101,30.4,8.595,0.521,1.4896
18-01-22 6:00,2.9,51.81,27.9,0,Clear,12.014,9,40.6,11.078,0.331,2.527
18-01-22 7:00,1.9,54.27,24.9,6.2,"Snow, Rain",24.964,10.935,21.6,40.492,0.1717,2.662
18-01-22 8:00,2.8,51.91,16.8,2.5,Clear,32.935,16.773,6.2,82.13,0.6566,3.4521
18-01-22 9:00,2.9,51.82,17.1,2.5,Clear,61.71,21.805,13.8,59.21,0.2436,3.9212
18-01-22 10:00,4,42.09,21.5,9.6,Clear,27.185,17.172,27.6,33.616,0.0847,7.049
18-01-22 11:00,4.8,45.29,16.8,2.5,Clear,24.023,10.267,23.8,43.357,0.1833,6.251
18-01-22 12:00,5.8,39.34,1.5,4.1,Clear,26.964,11.936,24.8,44.121,0.167,6.5702
18-01-22 13:00,6.8,30.11,24.2,0.1,Clear,29.977,16.811,26.4,42.211,0.1508,3.5378
18-01-22 14:00,6.8,34.03,6.1,1.5,Clear,30,16.038,31,34.953,0.1125,3.1654
18-01-22 15:00,5.9,36.24,22.2,2.5,Clear,29.01,16.961,24.6,44.121,0.1659,3.7772
18-01-22 16:00,4.7,45.87,14.5,2.8,Clear,25.03,15.075,26.2,46.986,0.1786,2.8728
18-01-22 17:00,2.8,52.55,23.5,0,Clear,30.933,17.905,16.2,61.12,0.2772,5.8254
18-01-22 18:00,2.8,52.64,30.8,0,Clear,35.986,19.733,15.8,56.345,0.2622,7.2086
18-01-22 19:00,2.5,52.27,30.8,2.2,Clear,39.968,28.661,10.8,70.861,0.3898,11.1454
18-01-22 20:00,1.7,56.28,26.7,0,Clear,39.011,23.192,9.6,64.94,0.3874,5.9318
18-01-22 21:00,1.7,52.45,21.3,0,Clear,44.95,29.735,23.4,43.93,0.1995,3.4846
18-01-22 22:00,0.9,52.27,17,0,Clear,26.232,17.419,36.8,28.841,0.1114,1.9684
18-01-22 23:00,-1.2,64.64,9,0,Clear,18.063,13.154,37,28.459,0.0626,2.5802
19-01-22 0:00,-1.2,64.39,3.8,0,Clear,27.883,13,39.4,24.83,0.0383,4.8944
19-01-22 1:00,0.8,52.64,7.4,0,Clear,20.069,13.97,43.6,21.201,0.0568,3.9368
19-01-22 2:00,-3.2,74.64,9,0,Clear,15.049,12.063,42.8,21.201,0.0522,2.2876
19-01-22 3:00,-1.3,69.78,0,0,Clear,15.988,9.096,45.2,16.044,0.0313,2.6068
19-01-22 4:00,0.1,56.44,4.2,0,Clear,17.978,9,41.2,15.471,0.0162,3.0324
19-01-22 5:00,-3.3,80.4,0.2,0,Clear,14.02,11.899,44.6,13.37,0.0244,2.5802
19-01-22 6:00,-4.2,80.26,0.2,0,Clear,20.965,10.934,26,28.077,0.0673,2.2876
19-01-22 7:00,-1.2,61.09,10.8,0.1,Clear,25.975,17.763,8,40.874,0.1543,1.596
19-01-22 8:00,-1.3,69.78,3.6,0,Clear,34.955,20.898,9.8,45.076,0.1763,1.7822
19-01-22 9:00,1.8,60.61,0,0,Clear,30.025,21.966,9,46.795,0.2854,2.7398
19-01-22 10:00,1.7,54.86,7.1,0.2,Clear,43.93,30.691,22,30.178,0.1752,3.1654
19-01-22 11:00,3.8,52.39,9,0,Clear,42.016,35.815,26,32.088,0.1415,3.4846
19-01-22 12:00,4.8,42.12,0.2,0,Clear,33.095,29.216,23,44.694,0.1485,4.7614
19-01-22 13:00,5.8,38.2,3.8,0.1,Clear,31.023,20.287,37.4,23.684,0.0348,4.389
19-01-22 14:00,4.9,42.05,3.5,0,Clear,25.03,14.206,32.8,36.099,0.1183,3.99
19-01-22 15:00,5.8,39.38,1.9,0,Clear,31.947,22.664,39,30.178,0.1067,3.8038
19-01-22 16:00,4.6,46.11,3.8,0,Clear,26.065,19.127,27.6,47.368,0.2123,4.4156
19-01-22 17:00,0.9,60.15,2.1,0,Clear,32.914,23.841,16.2,54.817,0.3028,4.0432
19-01-22 18:00,-1,74.42,0,0,Clear,45.902,39.403,3.8,81.175,0.9848,2.8728
19-01-22 19:00,0.1,60.66,6.8,0,Clear,103.338,77.7581,4.4,83.467,1.5312,4.0698
19-01-22 20:00,-4,85.97,0,0,Clear,142.805,108.944,3.6,58.255,0.7737,3.9102
19-01-22 21:00,-4,85.97,0,0,Clear,87.453,74.342,3.2,53.671,0.6496,3.192
19-01-22 22:00,-2.8,72.09,3.6,0,Clear,78.088,63.315,3.6,56.154,0.8317,3.0324
19-01-22 23:00,-5,85.85,0.1,0,Clear,83.932,74.6169,3.8,48.132,0.8468,2.3408
20-01-22 0:00,-6,85.92,1.8,0,Clear,89.955,78.851,3.6,43.357,0.8874,2.261
20-01-22 1:00,-4.6,80.25,8.3,0,Clear,90.991,79.9611,4.8,37.818,1.3073,1.6492
20-01-22 2:00,-7,85.64,0.1,0,Clear,110.828,108.847,3.8,31.324,1.2806,1.7556
20-01-22 3:00,-7,92.18,3.6,0,Clear,104.078,105.16,2.4,32.279,0.8816,1.33
20-01-22 4:00,-8.1,91.56,2.7,0,Clear,81.173,71.278,2.6,25.021,0.7702,1.0108
20-01-22 5:00,-8.9,92.06,0,0,Clear,69.123,69.0391,2.6,22.156,0.6705,1.1172
20-01-22 6:00,-9,92.45,0,0,Clear,64.036,63.214,2.2,21.392,0.7285,1.4364
20-01-22 7:00,-6.8,87.11,3.5,0,Clear,68.944,65.903,2.2,21.392,0.7157,1.4896
20-01-22 8:00,-7,85.82,0,0,Clear,65.03,62.151,2.6,25.785,0.7366,1.8354
20-01-22 9:00,-4.1,80.12,0,0,Clear,69.948,61.038,3.4,34.38,0.5104,2.4738
20-01-22 10:00,-1.3,69.38,3.5,0,Clear,63.035,50.376,5.6,48.896,0.5359,2.9526
20-01-22 11:00,0,69.34,0.2,2.5,Clear,67.975,58.689,6.4,60.929,0.6612,4.6816
20-01-22 12:00,2,60.41,3.6,2.5,Clear,103.7,83.99,14.2,55.772,0.4721,3.7772
20-01-22 13:00,3.6,50.77,7,0.1,Clear,85.222,68.545,17.2,64.367,0.667,2.9792
20-01-22 14:00,5.1,45.45,5,5.3,Clear,130.412,58.328,17.8,63.03,0.4408,3.1122
20-01-22 15:00,6,39.76,0.9,8.2,Clear,140.925,54.628,13.8,70.479,0.3689,3.724
20-01-22 16:00,5.1,42.48,5.6,21,Partially cloudy,63.953,42.419,15.8,73.153,0.4605,4.0698
20-01-22 17:00,1.2,64.42,3.6,52.1,Partially cloudy,60.024,37.193,3.2,108.106,1.1252,5.32
20-01-22 18:00,0.2,69.09,0.2,61.4,Partially cloudy,114.388,88.3,4.4,102.567,1.5057,5.1338
20-01-22 19:00,0.2,72.14,4,45.6,Partially cloudy,149.844,116.08,5.8,88.051,2.0161,5.3998
20-01-22 20:00,-1.8,79.8,5.6,31.1,Partially cloudy,198.592,158.371,5.4,94.163,2.4812,9.31
20-01-22 21:00,-1.8,79.64,3.8,52.1,Partially cloudy,224.711,178.387,5.6,83.276,2.4731,7.6342
20-01-22 22:00,-1.9,81.3,3.8,45.6,Partially cloudy,225.991,188.608,5.8,73.344,2.7562,6.384
20-01-22 23:00,-2.7,85.76,5.2,52.1,Partially cloudy,251.697,201.581,5.4,67.423,2.6112,4.4954
21-01-22 0:00,-2.8,86.1,2.2,52.1,Partially cloudy,257.953,198.149,4.2,65.322,2.5752,4.1496
21-01-22 1:00,-3.6,87.02,3,45.6,Partially cloudy,235.198,188.388,3.8,51.952,1.8432,3.4314
21-01-22 2:00,-2.8,92.82,3.8,89.1,Partially cloudy,158.963,140.593,3.6,48.132,1.827,2.6866
21-01-22 3:00,-1.9,86.72,2.5,89.1,"Snow, Rain, Partially cloudy",154.031,140.924,2.8,41.638,1.3618,2.4206
21-01-22 4:00,-1.8,87.21,2.2,86.9,Partially cloudy,122.391,114.688,3.4,37.054,1.5834,2.527
21-01-22 5:00,-0.9,86.82,4.6,99.4,"Snow, Overcast",136.867,128.463,2.8,37.436,1.4164,2.261
21-01-22 6:00,-1.9,99.6,6.4,99.4,"Snow, Overcast",128.1,117.39,3.2,34.571,1.2853,2.2078
21-01-22 7:00,-1.1,94.3,4.4,99.4,Overcast,111.151,108.344,2.2,25.976,0.8306,2.1546
21-01-22 8:00,0.8,87,14.4,99.7,Overcast,80.3459,86.707,2.2,35.717,1.3502,2.4472
21-01-22 9:00,0.9,92.66,0.1,99.7,"Snow, Rain, Overcast",98.8571,90.8151,1.8,46.604,0.3956,2.3674
21-01-22 10:00,1.5,82.39,3.6,99.4,Overcast,28.671,17.964,3.2,64.367,0.37,2.3674
21-01-22 11:00,1,80.37,8.9,99.4,"Snow, Overcast",32.951,21.723,2.8,80.22,0.6218,2.1014
21-01-22 12:00,1,79.73,7.2,99.4,"Snow, Overcast",53.778,50.071,3.2,86.714,0.4153,2.128
21-01-22 13:00,1.7,69.53,7.1,98.9,"Snow, Overcast",23.945,24.865,7.4,69.333,0.2877,1.7024
21-01-22 14:00,0.9,74.78,9.3,99.4,Overcast,24,15.275,2.8,90.916,0.4466,2.5004
21-01-22 15:00,1.9,65.11,7.4,52.1,Partially cloudy,23.007,20.778,7.2,69.524,0.2076,3.5378
21-01-22 16:00,1.6,65.25,4.5,52.8,Partially cloudy,23.99,18.117,8.4,62.839,0.1879,5.7988
21-01-22 17:00,-0.1,74.59,5.4,51,Partially cloudy,26.977,20.888,5.4,77.164,0.3944,4.5486
21-01-22 18:00,-0.2,69.16,2.3,50,Partially cloudy,37.522,26.806,5.8,61.12,0.2459,4.256
21-01-22 19:00,-0.5,73.98,4.6,48.6,Partially cloudy,33.024,24.102,5.4,67.614,0.3909,3.5644
21-01-22 20:00,-0.3,60.2,20.1,85.8,Partially cloudy,49.872,35.549,9.6,56.154,0.2796,2.2876
21-01-22 21:00,-0.3,60.32,25,48.8,Partially cloudy,40.108,28.256,23.4,32.47,0.1021,2.2876
21-01-22 22:00,-1.6,60.55,23.1,26.3,Partially cloudy,31.103,19.29,17.2,41.065,0.2297,1.9418
21-01-22 23:00,-2.3,64.25,16.1,48.6,Partially cloudy,39.902,28.691,11.6,53.862,0.3178,2.261
22-01-22 0:00,-3.2,63.64,9.5,27,Partially cloudy,43.953,23.234,23.6,33.043,0.167,2.1546
22-01-22 1:00,-5.1,73.58,6.9,0,Clear,28.076,21.068,20,37.054,0.1636,2.6866
22-01-22 2:00,-4.4,68.97,9.1,48.6,Partially cloudy,27.008,21,35.4,19.291,0.0812,3.325
22-01-22 3:00,-6.4,74.2,3.6,0,Clear,16.101,11.39,37.4,17.763,0.051,2.3674
22-01-22 4:00,-6.5,74.05,6.7,2.4,Clear,16,11,43,12.033,0.0383,2.5004
22-01-22 5:00,-7.3,79.62,5.4,3.5,Clear,7.075,9.072,36.4,11.46,0.094,1.8354
22-01-22 6:00,-7.2,79.47,5.4,50,Partially cloudy,15.925,19.583,25.8,22.347,0.1404,1.4364
22-01-22 7:00,-7.4,79.91,10.1,34.2,Partially cloudy,22.922,16.129,16.2,29.414,0.1438,1.1704
22-01-22 8:00,-4.3,63.92,3.6,27,Partially cloudy,25.985,17.932,10.8,36.672,0.2262,1.1172
22-01-22 9:00,-3.2,63.77,0.2,27.8,Partially cloudy,37.94,26.691,18.2,31.897,0.2007,1.8354
22-01-22 10:00,-1.5,51.52,0.7,6.2,Clear,36.017,25.076,13,45.458,0.3109,2.1546
22-01-22 11:00,-0.2,47.7,0.1,2.5,Clear,46.878,30.806,18.4,44.121,0.3028,1.729
22-01-22 12:00,1.9,41.13,0.3,1.2,Clear,47,29.065,24.6,44.694,0.1357,1.4098
22-01-22 13:00,2.5,35.11,3.9,37.7,Partially cloudy,28.148,12.635,28,45.649,0.116,1.2768
22-01-22 14:00,1.9,38.33,0.8,8.2,Clear,20.071,14.885,25.4,51.761,0.1554,1.3034
22-01-22 15:00,2.7,36.66,0.7,89.4,Partially cloudy,22.974,13.077,37.4,33.043,0.1102,1.1172
22-01-22 16:00,1.7,43.18,7.4,84.2,Partially cloudy,28.933,17.837,29.6,40.874,0.1659,1.4364
22-01-22 17:00,-0.2,70.16,14.5,89.1,"Snow, Rain, Partially cloudy",32.969,20.886,28.6,39.919,0.196,1.3566
22-01-22 18:00,-0.2,70.02,12.9,89.1,Partially cloudy,33,26.19,5.8,83.658,0.4605,1.6492
22-01-22 19:00,-1.2,79.58,8.6,51.3,"Snow, Rain, Partially cloudy",56.344,33.708,15.2,57.109,0.2088,1.2236
22-01-22 20:00,-0.2,74.43,14.9,87,Partially cloudy,32.244,19.477,28.8,32.088,0.0905,1.6492
22-01-22 21:00,-1.2,85.58,20,85.8,Partially cloudy,20.06,13.207,38.8,21.583,0.0336,2.0216
22-01-22 22:00,-2.9,82.65,11.1,16.7,Clear,23.97,12.038,36.2,22.156,0.0696,1.9684
22-01-22 23:00,-1.3,59.82,12.8,48.8,Partially cloudy,15.098,13.935,37.6,21.392,0.0394,1.6758
23-01-22 0:00,-2.3,59.33,9.2,48.8,Partially cloudy,21.939,14,38,16.235,0.0383,1.7024
23-01-22 1:00,-2.3,59.16,3.4,42.4,Partially cloudy,17.054,14.968,43.8,15.089,0.0197,1.6492
23-01-22 2:00,-4,67.91,5.8,27.8,Partially cloudy,15.009,12.103,42,17.381,0.058,1.7556
23-01-22 3:00,-4,68.04,0.7,48.8,Partially cloudy,19.961,11.038,43.6,16.999,0.058,1.7822
23-01-22 4:00,-3.3,73.98,4.1,47.6,Partially cloudy,16.037,10.03,32.2,29.414,0.0476,1.7024
23-01-22 5:00,-3.2,68.52,2.3,48.8,Partially cloudy,18.969,10.96,38.2,19.864,0.0209,1.862
23-01-22 6:00,-3.2,68.66,3.9,86.3,Partially cloudy,13.057,13.911,43.8,12.224,0.0093,1.9684
23-01-22 7:00,-3.1,63.11,13.9,30.8,Partially cloudy,13.991,12.061,31.2,24.83,0.051,2.8462
23-01-22 8:00,-2.2,59.58,1.9,30.1,Partially cloudy,20.92,13.935,20.4,40.683,0.0928,2.8462
23-01-22 9:00,-0.3,51.88,1.8,31.1,Partially cloudy,29.927,14.961,30,30.178,0.0626,2.5004
23-01-22 10:00,-0.1,52.06,6.5,32.6,Partially cloudy,19.101,10.199,37.8,20.628,0.0429,2.9792
23-01-22 11:00,0.8,44.18,16.9,30.1,Partially cloudy,24.942,16.723,40,18.527,0.0487,2.2078
23-01-22 12:00,1.8,41.11,24.1,29,Partially cloudy,16.105,16.484,39,23.302,0.0557,1.7556
23-01-22 13:00,0.7,41.33,20.9,31.6,"Snow, Rain, Partially cloudy",20.958,15.038,42.4,20.437,0.0789,1.9418
23-01-22 14:00,0.8,38.26,20.2,52.1,Partially cloudy,16.047,18.844,42.4,22.538,0.0824,2.5802
23-01-22 15:00,1.8,35.97,20.5,52.1,Partially cloudy,28.874,20.921,40.6,26.74,0.1044,3.1388
23-01-22 16:00,-1.4,74.2,27.8,47.9,Partially cloudy,19.097,15.237,44.2,21.965,0.1032,3.0058
23-01-22 17:00,-1.2,64.66,25.1,52.1,Partially cloudy,18.009,14.039,35.4,30.751,0.145,5.453
23-01-22 18:00,-1.2,55.49,25.2,52.1,Partially cloudy,30.863,23.683,26.2,38.391,0.2401,3.9102
23-01-22 19:00,-2,63.23,14.4,71.8,Partially cloudy,34.953,26.903,33.4,30.178,0.1786,2.0482
23-01-22 20:00,-2.2,64.03,5.6,87,Partially cloudy,21.105,21.224,28.4,38.582,0.1995,1.729
23-01-22 21:00,-2.2,64.03,0.1,87,"Snow, Partially cloudy",17.045,17.128,19.6,48.132,0.2308,1.7822
23-01-22 22:00,-2.4,63.55,0.9,69.3,Partially cloudy,26.878,22.805,27,44.121,0.1508,1.8088
23-01-22 23:00,-5,79.48,8.5,89,Partially cloudy,28.977,21.065,21.8,45.84,0.2042,1.9152
24-01-22 0:00,-4,68.76,0.2,8.2,Clear,31.975,21,35.4,22.156,0.1137,2.0482
24-01-22 1:00,-4.3,70.5,1,49.7,Partially cloudy,24.078,19.079,38.8,16.808,0.0754,2.2344
24-01-22 2:00,-4.1,68.9,0.5,51.1,Partially cloudy,14.1,13.237,43.8,10.887,0.0568,1.7822
24-01-22 3:00,-4,68.91,0.4,52.1,Partially cloudy,12.021,15.882,42.4,9.55,0.036,2.527
24-01-22 4:00,-5.8,80.32,1.5,45.6,Partially cloudy,11.01,13.118,41,10.505,0.0429,2.527
24-01-22 5:00,-6,79.83,0.5,52.1,"Snow, Partially cloudy",13.972,12.039,43.8,7.258,0.0499,2.66
24-01-22 6:00,-4.1,63.83,0.6,51,Partially cloudy,14.989,12.968,33.8,21.774,0.0626,3.1388
24-01-22 7:00,-4.4,64.43,4.8,51.3,"Snow, Partially cloudy",13.879,13,19.4,38.773,0.1578,3.1388
24-01-22 8:00,-3.2,64.05,2.3,48.8,Partially cloudy,21.931,14.923,13,54.244,0.3782,2.5536
24-01-22 9:00,-2.2,59.84,16.6,48.8,"Snow, Partially cloudy",35.876,18.846,9.8,61.693,0.4234,2.1812
24-01-22 10:00,-1.4,60.98,17.5,69.1,Partially cloudy,38.967,26.74,24.4,33.043,0.1578,1.8354
24-01-22 11:00,-1.2,55.48,24.1,85.8,"Snow, Partially cloudy",24.125,21.225,25.8,33.234,0.2018,2.1546
24-01-22 12:00,-0.3,47.97,26,49.3,Partially cloudy,19.049,19.081,29,30.751,0.1543,2.261
24-01-22 13:00,-1.3,51.61,18,59.5,Partially cloudy,19,22,28,23,0.1549,2.1546
24-01-22 14:00,-0.3,41.18,20.8,27.8,Partially cloudy,20,16,26,9.55,0.058,2.0482
24-01-22 15:00,-0.3,41.01,25.8,27.8,"Snow, Partially cloudy",25,28,30.4,31.133,0.1752,1.7822
24-01-22 16:00,-1.4,47.56,27.6,28.1,Partially cloudy,35.516,58.604,27.8,37.436,0.2529,1.8886
24-01-22 17:00,-2.2,55.08,27.6,27,Partially cloudy,27.991,22.922,8.2,73.726,0.6229,2.9792
24-01-22 18:00,-3.2,63.9,16.8,27,Partially cloudy,51.733,32.609,11.4,62.075,0.4675,1.995
24-01-22 19:00,-3.5,52.88,8.4,47.7,Partially cloudy,39.112,30.778,14.6,55.199,0.3434,2.0482
24-01-22 20:00,-5.2,68.51,3.9,27,Partially cloudy,28.116,22.361,25.2,35.144,0.2018,1.6226
24-01-22 21:00,-6.1,73.31,7.7,27,"Snow, Partially cloudy",26.021,20.078,12.4,56.154,0.3654,1.9152
24-01-22 22:00,-6.5,71.71,5.2,24.2,Partially cloudy,33.933,29.622,11.8,52.334,0.3619,2.0216
24-01-22 23:00,-8.1,78.83,0.5,0,Clear,56.719,32.901,20.4,43.166,0.2529,1.995
25-01-22 0:00,-7.2,73.41,3.8,0,Clear,31.218,25.308,24.2,37.627,0.2645,2.6068
25-01-22 1:00,-7.3,73.83,6.4,0,Clear,32.99,27.897,36,21.392,0.1868,2.7132
25-01-22 2:00,-8.3,73.36,5.4,0,Clear,23.053,27.035,39.4,18.527,0.1357,2.2344
25-01-22 3:00,-8.4,79.62,10.8,0,Clear,17.052,22.191,44.6,9.168,0.1172,2.394
25-01-22 4:00,-8.7,82.04,6.9,0,Clear,17.988,18.131,25.6,15.662,0.3352,2.394
25-01-22 5:00,-9.3,79.13,7.2,0,Clear,35.84,37.236,19.4,17.954,0.3202,2.9792
25-01-22 6:00,-9.3,85.18,12.4,0,Clear,35.011,40.904,16.2,24.066,0.3341,3.192
25-01-22 7:00,-9.4,82.87,11.9,5.4,Clear,35,31.327,8.6,37.245,0.3492,2.7132
25-01-22 8:00,-8.5,79.45,12.5,2.5,Clear,36.984,39.654,3.4,52.525,0.7215,3.1122
25-01-22 9:00,-6.3,68.25,10.7,0,Clear,66.7,57.288,10.6,50.042,0.4269,3.9368
25-01-22 10:00,-4.6,58.61,3.4,0.4,Clear,42.243,39.757,18,46.604,0.326,4.6018
25-01-22 11:00,-3.2,54.58,0.1,0,Clear,40.021,34.199,19,47.75,0.3376,5.7456
25-01-22 12:00,-1.3,43.91,10.6,0,Clear,54.858,43.607,23.8,46.222,0.2355,6.0382
25-01-22 13:00,0.2,29.63,10.9,0,Clear,39.16,27.678,22,52.907,0.2134,12.103
25-01-22 14:00,-0.2,40.75,7.3,0,Clear,29.092,26.04,27,42.402,0.167,13.566
25-01-22 15:00,-0.2,40.75,15.8,0,Clear,33.947,18.32,23,50.997,0.1682,11.5178
25-01-22 16:00,0,29.05,21.4,28.2,Partially cloudy,33.013,23.802,25.6,49.66,0.1995,5.3466
25-01-22 17:00,-3.3,54.66,19.7,0,Clear,25.795,20.14,22.4,57.109,0.2993,4.3624
25-01-22 18:00,-4.2,58.55,14.2,0,Clear,34.932,24.816,9.4,75.445,0.5464,6.8362
25-01-22 19:00,-3.5,43.11,8.2,0,Clear,61.752,41.341,10.2,63.03,0.4675,9.1238
25-01-22 20:00,-5.3,58.4,2.1,0,Clear,52.092,46.802,15,52.716,0.4118,8.0332
25-01-22 21:00,-6.3,63.15,15.9,0,Clear,52,45.079,13.8,50.615,0.4698,7.2352
25-01-22 22:00,-6.8,63.61,5.8,0,Clear,59.913,55.667,26,34.953,0.3526,6.8628
25-01-22 23:00,-7.2,68.05,0.1,0,Clear,44.147,45.429,12.2,51.379,0.5614,4.2028
26-01-22 0:00,-7.2,68.07,3.6,27,Partially cloudy,63.794,62.299,7.6,55.008,0.6914,3.9368
26-01-22 1:00,-7.1,71.61,1.8,66.3,Partially cloudy,76.837,63.967,4.8,49.851,1.1449,2.8196
26-01-22 2:00,-9,78.68,0,31.1,Partially cloudy,100.88,98.754,4.4,46.222,0.9953,2.7664
26-01-22 3:00,-9,79.19,0.2,31.1,Partially cloudy,87.113,88.447,4.4,41.447,1.1867,2.8462
26-01-22 4:00,-7.1,79.62,0.4,50.8,Partially cloudy,99.8621,100.479,7.6,35.144,0.9872,3.0058
26-01-22 5:00,-7,78.66,1.9,89.1,Partially cloudy,93.074,91.323,13.2,26.931,0.6879,2.793
26-01-22 6:00,-6,73.32,1.8,89.1,Partially cloudy,71.251,73.557,6.4,35.717,0.8236,2.66
26-01-22 7:00,-5.7,62.49,3.7,89.3,Partially cloudy,80.891,86.563,2.8,44.121,0.776,5.054
26-01-22 8:00,-5,73.2,3.5,89.1,Partially cloudy,75.074,75.3929,3,46.604,0.848,6.1446
26-01-22 9:00,-4,63.17,3.5,89.1,Partially cloudy,80.955,77.889,3.4,51.761,0.8932,3.591
26-01-22 10:00,-2.5,56.57,3.6,80.4,Partially cloudy,82.979,78,3.8,57.873,0.8201,4.6018
26-01-22 11:00,-2,63.52,2.1,89.1,Partially cloudy,84.979,74.16,4.8,65.704,0.848,8.1662
26-01-22 12:00,0.9,44.67,2,89.1,Partially cloudy,93.905,75.92,17.2,54.244,0.6264,8.1662
26-01-22 13:00,3.6,43.1,4.2,80.6,Partially cloudy,76.175,56.8,25,41.638,0.3526,6.783
26-01-22 14:00,2,48.42,10.9,89.1,Partially cloudy,52.233,44.48,17.6,55.008,0.3909,6.4638
26-01-22 15:00,2,52.3,8,89.1,Partially cloudy,51.009,34.395,20.4,47.368,0.3387,6.6766
26-01-22 16:00,2.2,51.13,4.4,89.2,Partially cloudy,51,37.843,12.8,58.637,0.522,7.182
26-01-22 17:00,0,74.61,16.2,89.1,Partially cloudy,55.944,40.903,3.4,72.962,0.6786,6.4638
26-01-22 18:00,0,80.39,12.6,89.1,Partially cloudy,68.9351,46.791,5.6,54.244,0.4988,5.2136
26-01-22 19:00,1.6,64.87,7.2,80.4,Partially cloudy,60.075,48.922,2.2,61.502,0.689,6.2776
26-01-22 20:00,0,80.23,10.8,89.1,Partially cloudy,75.849,59.562,2,53.289,0.6716,5.6392
26-01-22 21:00,0,80.39,7.3,89.1,Partially cloudy,73.033,62.883,2.8,49.278,0.8909,4.788
26-01-22 22:00,-0.2,77.61,7.4,82.1,Partially cloudy,89.853,82.231,3.8,41.256,0.6171,3.9634
26-01-22 23:00,0,86.39,0.3,89.1,Partially cloudy,68.251,58.975,2.8,42.211,0.8166,4.256
27-01-22 0:00,-0.1,86.56,0.4,89.1,Partially cloudy,82.87,73.39,2.8,42.784,0.9408,2.9792
27-01-22 1:00,-0.9,85.96,0.5,96.9,Overcast,99.806,83.691,4.8,32.661,0.4779,2.527
27-01-22 2:00,-1,86.29,0.2,99.4,Overcast,52.547,44.255,9.4,23.493,0.3341,2.1014
27-01-22 3:00,-1,86.63,0.1,99.4,Overcast,40.14,37.198,11.2,17.572,0.3422,1.995
27-01-22 4:00,-1.2,83.61,0.4,96.9,Overcast,45.934,39.9,8.4,23.493,0.471,2.0216
27-01-22 5:00,-1,86.6,0.3,99.4,Overcast,51.95,43.85,3,31.515,0.9895,2.1812
27-01-22 6:00,-1,92.92,0.1,99.7,Overcast,83.626,75.7161,2.2,29.987,0.8398,2.2344
27-01-22 7:00,-0.3,67.34,7.2,54,Partially cloudy,74.047,74.104,1.6,30.751,0.8874,2.926
27-01-22 8:00,-1,92.92,0.1,99.4,Overcast,76.973,77.843,2.2,33.234,1.2435,3.6974
27-01-22 9:00,0,86.39,0.4,89.1,Partially cloudy,94.948,93.359,2,52.334,0.7969,4.8678
27-01-22 10:00,1.9,59.81,6.9,89.2,Partially cloudy,80.178,56.274,3.2,67.041,0.4849,3.0324
27-01-22 11:00,1.9,70.17,0.5,89.1,Partially cloudy,64.071,39.552,3.8,59.019,0.9721,4.2294
27-01-22 12:00,2,69.89,0.4,89.1,Partially cloudy,104.624,88.985,5.4,55.963,0.5765,4.7082
27-01-22 13:00,5.8,52.81,10.4,59.3,Partially cloudy,78.233,69.858,11.4,47.559,0.3932,4.0698
27-01-22 14:00,4.9,60.9,8.9,28.5,Partially cloudy,54.274,36.1,20.8,30.942,0.1926,5.2668
27-01-22 15:00,4.9,61.01,3.4,27,Partially cloudy,36.055,23.395,24.6,34.38,0.1334,4.4688
27-01-22 16:00,4.6,61.56,10.3,17.2,Clear,29.059,27.812,21.6,38.2,0.2517,5.2136
27-01-22 17:00,1.8,70.14,8.9,27,Partially cloudy,32.952,23.165,15.4,49.087,0.2749,6.2244
27-01-22 18:00,-0.1,80.54,7.4,27,Partially cloudy,41.913,28.764,4.2,60.356,0.4443,4.5752
27-01-22 19:00,0.3,73.91,7.2,0.3,Clear,59.825,38.601,3,60.165,0.6461,4.5752
27-01-22 20:00,-3.1,86.42,2.1,0,Clear,74.8621,62.044,3.6,58.828,1.2215,5.6126
27-01-22 21:00,-4.1,86.14,0.2,0,Clear,118.584,94.6851,3.4,54.435,1.2957,4.0698
27-01-22 22:00,-5,91.77,2.7,0,Clear,113.07,91.194,3,44.121,1.0173,3.1654
27-01-22 23:00,-5,92.69,3.4,0,Clear,98.1641,83.282,2.8,47.368,1.1565,3.192
28-01-22 0:00,-6,92.63,1.7,0,Clear,107.925,100.326,3.2,36.481,1.711,3.0856
28-01-22 1:00,-6.2,92.71,3.4,30.5,Partially cloudy,138.707,143.258,3,33.043,1.2145,2.4206
28-01-22 2:00,-6,92.63,0.2,0,Clear,104.097,103.42,2.2,28.65,1.1298,1.7556
28-01-22 3:00,-7,92.57,1.8,0,Clear,91.105,93.3459,1.8,23.875,0.9883,1.862
28-01-22 4:00,-6.9,92.94,0.1,0,Clear,90.01,86.274,2.2,19.291,1.24,2.128
28-01-22 5:00,-7,92.37,0.1,0,Clear,90.991,96.574,1.8,17.381,0.8735,1.862
28-01-22 6:00,-8,92.51,1.7,2.5,Clear,70.192,78.741,2,16.999,0.754,1.2236
28-01-22 7:00,-6.3,91.11,7,0.3,Clear,66.037,70.311,2,18.718,0.8016,2.1014
28-01-22 8:00,-7,92.57,0.1,8.2,Clear,67.981,70,2.2,19.864,0.9164,2.6068
28-01-22 9:00,-4.1,86.67,0,6.4,Clear,78.899,80.571,2.2,26.358,1.0544,3.6442
28-01-22 10:00,-1.7,84.8,3.6,28.4,Partially cloudy,94.8621,98.313,2.4,66.85,1.0962,4.7348
28-01-22 11:00,0,80.39,3.6,2.5,Clear,108.864,102.84,2.8,81.366,1.0765,3.8038
28-01-22 12:00,2,69.77,5.1,3.5,Clear,131.725,111.7,11.6,58.446,0.6229,3.7772
28-01-22 13:00,4.6,56.67,3.8,28.6,Partially cloudy,86.423,73.582,10.4,73.726,0.6716,3.192
28-01-22 14:00,5.9,57.26,2.5,8.2,Clear,99.8719,83.532,10.2,83.276,0.725,3.5644
28-01-22 15:00,5.8,57.48,0.8,89.1,Partially cloudy,115.831,102.244,3.6,118.802,0.9303,4.123
28-01-22 16:00,6,52.2,5.5,90.4,Overcast,116,87.6381,2.6,97.028,0.8549,4.655
28-01-22 17:00,5.8,57.48,16,99.4,"Snow, Overcast",117.978,95.7061,3,105.814,1.0359,6.916
28-01-22 18:00,4.8,65.79,12.3,99.4,"Snow, Overcast",126.955,82.491,5.2,73.535,0.4976,6.6234
28-01-22 19:00,4.1,70.3,13.8,100,Overcast,59.55,35.789,4,69.333,0.3874,6.7032
28-01-22 20:00,2.9,75.13,7.3,89.1,Partially cloudy,54.06,35.934,3.4,58.446,0.3202,4.7082
28-01-22 21:00,1,80.85,0.1,89.1,"Snow, Rain, Partially cloudy",48.052,32.151,4.6,57.109,0.2552,3.6708
28-01-22 22:00,0.9,76.63,12.5,40.2,Partially cloudy,40.089,28.123,3.6,49.278,0.8572,4.2028
28-01-22 23:00,1,80.22,9.1,52.1,Partially cloudy,98.41,86.557,3.6,50.233,1.2273,3.5112
29-01-22 0:00,0,80.07,5.2,52.1,Partially cloudy,108.894,97.652,7.8,40.301,0.4153,3.6974
29-01-22 1:00,-0.8,84.99,3.4,50.8,Partially cloudy,45.73,32.099,9.2,38.2,0.1682,3.1654
29-01-22 2:00,0,80.23,0.4,52.1,Partially cloudy,25.245,23.233,9.4,36.099,0.1763,2.6866
29-01-22 3:00,0,80.71,0.1,52.1,Partially cloudy,25,17.234,15.6,19.673,0.1044,2.394
29-01-22 4:00,-0.9,85.3,3.6,50.8,Partially cloudy,21.042,18.92,23.4,15.853,0.0418,2.394
29-01-22 5:00,0,80.87,3.6,52.1,Partially cloudy,16.049,15.16,31.2,13.943,0.0456,3.6974
29-01-22 6:00,0,80.71,3.5,52.1,Partially cloudy,17.978,15,22.2,26.549,0.0499,2.8994
29-01-22 7:00,1.1,88.98,13.9,49.9,Partially cloudy,21.956,14.035,11.6,43.739,0.145,2.7132
29-01-22 8:00,1,80.69,7.8,52.1,Partially cloudy,20.017,15.924,5.6,49.851,0.1879,3.325
29-01-22 9:00,2.8,70.77,8.1,52.1,Partially cloudy,30.896,25.605,5.8,55.39,0.2726,3.6176
29-01-22 10:00,3.7,64.17,14.7,79.7,Partially cloudy,47.8,20.233,6.4,46.222,0.2772,2.793
29-01-22 11:00,4.8,57.21,9.7,89.1,Partially cloudy,48.992,38.282,13.6,47.941,0.239,1.862
29-01-22 12:00,4.8,56.76,9.9,89.1,Partially cloudy,40.105,17.719,14.2,49.278,0.254,1.8088
29-01-22 13:00,4.5,54.24,21.3,80.4,Partially cloudy,31.045,20.862,21.4,39.346,0.1206,1.8354
29-01-22 14:00,3.9,64.92,19.9,89.1,Partially cloudy,25.053,18.117,25.6,32.852,0.0824,3.0058
29-01-22 15:00,3.9,65.05,20.2,89.1,Partially cloudy,27.968,19.92,28.4,27.122,0.0963,2.8994
29-01-22 16:00,2.8,66.15,20.4,84,Partially cloudy,21.068,16.159,9.4,58.828,0.3619,2.2876
29-01-22 17:00,1,69.27,18,89.1,Partially cloudy,41.755,26.641,8,53.289,0.3631,2.5004
29-01-22 18:00,1,64.5,14.4,89.1,Partially cloudy,32.05,24.103,10.6,46.795,0.2308,2.5004
29-01-22 19:00,0.8,63.1,7.8,42.5,Partially cloudy,39.92,28.804,5.6,61.884,0.8897,3.8836
29-01-22 20:00,-0.2,74.72,9.3,0,Clear,93.474,69.342,3,71.434,1.109,4.4422
29-01-22 21:00,-2.2,74.52,1.8,0,Clear,103.892,74.84,3.2,63.221,0.8932,4.4422
29-01-22 22:00,-3.8,82.81,3.3,10.4,Clear,88.183,72.098,3.4,64.367,0.6693,4.0432
29-01-22 23:00,-6,95.83,1.8,0,Clear,69.0959,44,4.4,46.986,0.5058,2.2078
30-01-22 0:00,-7,85.63,0.9,0,Clear,54.121,46.849,4,43.93,0.6345,1.7024
30-01-22 1:00,-6.3,86.93,3,0,Clear,60.926,54.681,3,47.177,0.6206,1.6492
30-01-22 2:00,-7,85.82,0.2,0,Clear,57.04,48.279,6,29.987,0.3712,1.3832
30-01-22 3:00,-8,92.32,3.7,0,Clear,42.158,35.518,5.2,31.706,0.3758,1.0906
30-01-22 4:00,-7.3,88.42,6.2,2.3,Clear,41.588,34.04,4.2,29.605,0.6067,1.3832
30-01-22 5:00,-7,92.57,5.4,4.6,Clear,56.829,57.026,2.6,24.639,0.6832,1.6758
30-01-22 6:00,-7.9,92.52,0.2,6.4,Clear,56.012,58,3,21.201,0.5092,1.1704
30-01-22 7:00,-7,91.74,2.7,77.1,Partially cloudy,48.091,47.445,2.6,22.538,0.4918,1.4364
30-01-22 8:00,-5.9,92.44,0.2,89.1,Partially cloudy,48.989,49.883,3,23.111,0.5092,1.7024
30-01-22 9:00,-4,92.37,0.3,52.1,Partially cloudy,54.942,58.646,8.8,23.111,0.297,1.4896
30-01-22 10:00,-0.9,78.12,1,29.1,Partially cloudy,38.165,36.904,19.6,24.257,0.268,1.4364
30-01-22 11:00,0.9,64.76,0.5,27.7,Partially cloudy,45.922,44.643,26.8,24.257,0.341,1.33
30-01-22 12:00,2.9,52.35,4,1.2,Clear,55.889,53.635,31,25.021,0.1775,1.2502
30-01-22 13:00,4.3,48.14,7.1,30.2,Partially cloudy,37.228,29.83,40.4,16.808,0.1009,1.33
30-01-22 14:00,5.8,42.77,0.5,2.5,Clear,34.024,29,44.2,16.426,0.0418,1.2502
30-01-22 15:00,5.8,39.79,3.8,8.2,Clear,22.133,19.406,33.8,38.964,0.1172,1.197
30-01-22 16:00,5.6,43.41,3.7,80,Partially cloudy,25.953,21.901,12.4,67.232,0.2865,1.5162
30-01-22 17:00,4.8,52.79,5.2,52.1,Partially cloudy,35.955,30.695,13,60.929,0.2865,2.2078
30-01-22 18:00,2,64.86,0.1,52.1,Partially cloudy,49.876,40.613,4.6,71.816,0.4837,4.5486
30-01-22 19:00,3.2,53.34,3.9,77.6,Partially cloudy,70.796,54.446,3.8,86.523,1.247,3.2186
30-01-22 20:00,3.8,56.72,5.7,85,Partially cloudy,131.423,98.212,4.4,77.355,1.3468,3.059
30-01-22 21:00,0.9,69.95,3.6,30.4,"Snow, Rain, Partially cloudy",119.152,95.166,4.4,76.018,1.7934,2.6068
30-01-22 22:00,-1.2,76.1,6.3,3.5,Clear,160.813,141.367,4.6,67.805,1.7238,5.2668
30-01-22 23:00,-1.9,79.78,3.8,2.5,Clear,163.974,142.039,4.4,65.322,1.8572,3.5112
31-01-22 0:00,-1.9,79.14,5.8,1.5,Clear,165.98,143.923,4,59.21,1.8595,3.1388
31-01-22 1:00,-2.6,84.09,1.7,0,Snow,165.026,150.782,4,49.66,1.8653,2.6068
31-01-22 2:00,-2.9,79.15,0.3,0,Clear,163.009,151,3.2,40.492,1.5393,2.261
31-01-22 3:00,-2.9,79.14,0.2,0,Clear,134.316,123.034,2.6,33.043,1.4024,1.9418
31-01-22 4:00,-3.7,83.8,0.8,0,Clear,117.161,117.199,2.8,27.122,1.312,1.995
31-01-22 5:00,-3.8,84.24,4.2,0,Clear,110.08,114.123,2.6,25.976,1.211,1.6758
31-01-22 6:00,-3.9,84.58,3.7,0,Clear,102.022,98.536,2.2,30.178,1.1055,2.128
31-01-22 7:00,1.6,49.71,10.5,0.2,Clear,102,103.771,1.8,47.368,0.8387,3.6974
31-01-22 8:00,-2,79.29,1.8,0,Clear,90.127,74.24,1.8,68.187,1.1252,7.2618
31-01-22 9:00,2.9,60.16,0.1,0,Clear,100,75,1.6,85.186,1.1472,11.5976
31-01-22 10:00,6.7,36.44,10.2,39.2,Partially cloudy,112,92,2.8,72.771,0.7586,7.5278
31-01-22 11:00,6.9,36.61,3.6,0,Clear,113.055,106.447,9.6,54.244,0.3805,4.3358
31-01-22 12:00,7.8,31.97,2.1,0,Clear,60.416,39.262,16.6,49.851,0.2622,2.4206
31-01-22 13:00,9.5,31.05,10.2,79.4,Partially cloudy,32.28,21.71,34,25.785,0.1056,1.862
31-01-22 14:00,8.8,29.99,10.8,0,Clear,17.171,12.281,39.6,25.403,0.058,1.4896
31-01-22 15:00,8.8,34.76,5.4,0,Clear,18.994,9.101,37.4,24.448,0.0418,1.4364
31-01-22 16:00,6.6,38.25,9.5,98.7,Overcast,15.037,7.078,29.8,39.155,0.1334,2.1812
31-01-22 17:00,4.9,42.31,5.5,4.4,Clear,33.831,15.649,10,63.603,0.3294,4.123
31-01-22 18:00,3,51.53,3.8,8.2,Clear,47.856,21.754,3.4,71.434,0.5638,4.4422
31-01-22 19:00,4,45.15,7.4,99.9,Overcast,82.5811,41.175,3.2,86.714,0.8166,5.4264
31-01-22 20:00,2,55.89,7.5,89.1,Partially cloudy,80.009,46.832,3.4,88.242,1.196,9.3898
31-01-22 21:00,1.1,64,3.7,89.1,Partially cloudy,117.683,72.001,4.2,64.749,1.3792,5.586
31-01-22 22:00,2,58.32,7,9.2,Clear,129.877,95.079,5,62.648,1.5695,4.921
31-01-22 23:00,0.1,68.93,0.4,89.1,Partially cloudy,146.801,116.127,5,58.064,1.9674,4.6284
01-02-22 0:00,0.1,68.52,0.4,89.1,Partially cloudy,177.914,151.505,4.2,58.828,1.6379,3.6176
01-02-22 1:00,1,62.24,7.1,8.9,Clear,131.512,121.065,3.8,49.851,1.2122,2.9792
01-02-22 2:00,-0.8,73.25,0.1,89.1,Partially cloudy,100.26,89.142,3.6,45.84,1.1809,2.1546
01-02-22 3:00,-1.8,84.65,5.3,89.1,Partially cloudy,111.856,101.531,2.8,39.919,0.9315,1.7024
01-02-22 4:00,0,68,7,9.4,Clear,81.339,73.052,3,36.863,0.7714,1.4896
01-02-22 5:00,0.1,73.88,0.7,99.4,Overcast,68.105,65.265,4.2,28.65,0.6844,1.33
01-02-22 6:00,0.1,80.24,1.1,99.4,Overcast,60.091,58.22,3.6,33.234,0.5475,1.3034
01-02-22 7:00,1.5,60.14,10.4,91,Overcast,54.018,46.404,2.6,40.683,0.3967,2.527
01-02-22 8:00,0,86.74,10.1,99.7,Overcast,45.083,35.429,4.8,48.323,0.435,3.1388
01-02-22 9:00,0,93.34,1.6,100,"Snow, Overcast",48.964,34.039,3,34.762,0.2216,1.995
01-02-22 10:00,0.1,96.62,7,99.2,Overcast,31.195,29.2,1.6,30.369,0.5081,2.3408
01-02-22 11:00,0,99.61,5.2,99.4,"Snow, Overcast",43.852,48.193,2,44.121,0.9419,2.2876
01-02-22 12:00,0,99.8,6,99.4,"Snow, Overcast",65.7679,62.44,1.6,33.807,0.732,2.793
01-02-22 13:00,0.4,96.82,10.5,99.2,"Snow, Overcast",55.11,51.474,0.6,29.032,0.5962,4.4954
01-02-22 14:00,0,100,0.8,99.4,Overcast,56.982,59.657,0.2,49.851,0.8155,3.2452
01-02-22 15:00,0,100,0.8,99.4,"Snow, Overcast",66.905,71.525,0.6,40.683,0.6542,2.66
01-02-22 16:00,0.3,97.81,10.4,99.2,Overcast,32.321,37.113,0.6,44.312,0.7958,2.5004
01-02-22 17:00,0,99.61,4.2,99.4,"Snow, Overcast",30.018,35.039,1,46.031,0.7459,2.1546
01-02-22 18:00,0,99.61,4.2,99.4,"Snow, Overcast",38.912,34.039,0.6,46.986,0.4849,2.0482
01-02-22 19:00,1.5,87.36,10.5,99.2,"Snow, Overcast",28.098,26.312,1,42.784,0.3782,2.0216
01-02-22 20:00,1,92.49,8,99.4,Overcast,20.087,21.202,1.2,41.447,0.3735,2.1014
01-02-22 21:00,1,92.85,5.7,99.4,"Snow, Overcast",20,16.196,1.2,42.02,0.3851,1.9152
01-02-22 22:00,2,84.41,10.6,8.5,Clear,28.92,29.45,1.4,40.683,0.3062,2.8196
01-02-22 23:00,1,92.67,4,99.4,Overcast,24.046,23.271,1.6,36.481,0.2529,2.394
02-02-22 0:00,1,92.67,1.7,99.4,Overcast,23.009,24.922,2,33.807,0.1578,1.995
02-02-22 1:00,2.2,78.02,7,8.6,Rain,23.989,24.041,3.8,29.796,0.1009,1.4896
02-02-22 2:00,1.9,80.66,2,99.4,Overcast,22.025,19.167,6.2,29.032,0.0406,1.5162
02-02-22 3:00,1.8,75.39,3.7,99.4,Overcast,15.031,14.172,3.8,38.773,0.4443,1.064
02-02-22 4:00,2.2,79.55,3.7,9.1,Clear,42.343,47.625,2.4,28.65,0.5382,1.1704
02-02-22 5:00,0.8,86.48,3.9,51,Partially cloudy,53.875,55.716,2.6,21.01,0.5092,1.3566
02-02-22 6:00,0.7,80.49,3.8,96.8,Overcast,50.042,52.16,3.2,20.437,0.1392,1.4364
02-02-22 7:00,0.9,77.71,10.3,90.1,"Snow, Rain, Overcast",23.285,20.316,2.4,32.661,0.21,2.4206
02-02-22 8:00,-0.3,92.96,3.6,85.8,Partially cloudy,29.926,25.714,2,40.301,0.2494,3.192
02-02-22 9:00,0.8,80.51,3.5,48,Partially cloudy,23.078,24.063,2.2,43.739,0.3062,2.2344
02-02-22 10:00,0.9,87.53,7.2,60.9,Partially cloudy,34.867,31.385,2.6,63.221,0.4605,2.261
02-02-22 11:00,1.9,69.46,7.2,48.6,Partially cloudy,47.863,47.36,10.8,51.379,0.3178,3.9368
02-02-22 12:00,3.9,56.06,1.7,30.1,Partially cloudy,46.02,40.317,14.8,49.087,0.1473,7.1288
02-02-22 13:00,5.4,50.24,7.1,40.5,Partially cloudy,44.021,28.491,15.2,53.098,0.1775,5.5594
02-02-22 14:00,5.8,42.59,1.8,31.1,Partially cloudy,43.012,30.883,22.8,44.121,0.1438,5.1072
02-02-22 15:00,4.8,60.64,5.4,31.1,Partially cloudy,42.008,27.153,27.2,41.256,0.1183,6.0382
02-02-22 16:00,4,62.94,6.2,84,Partially cloudy,38.039,27.96,19.6,59.019,0.1728,5.9584
02-02-22 17:00,3.9,64.79,12.6,89.1,Partially cloudy,39.981,19.356,12.6,66.659,0.1984,4.0166
02-02-22 18:00,2.9,69.81,7.7,87,Partially cloudy,35.047,18.04,7.8,77.546,0.2703,5.586
02-02-22 19:00,4.3,53.65,10.8,90.1,Overcast,49.862,23.763,6.6,73.535,0.3341,7.2884
02-02-22 20:00,2.9,70.22,10.9,89.1,Partially cloudy,48.019,24.96,10.2,57.491,0.4153,7.9002
02-02-22 21:00,2,80.19,7.4,89.1,Partially cloudy,54.93,38.432,5,65.704,0.4884,4.6018
02-02-22 22:00,3.9,62.07,10.8,7.3,Clear,57.968,42.839,6.2,62.457,0.3016,5.985
02-02-22 23:00,2,81.15,10.9,89.1,Partially cloudy,44.132,27.633,8.8,54.053,0.3468,6.1712
03-02-22 0:00,1,81.02,0.6,31.4,Partially cloudy,48.953,40.454,21.6,32.661,0.0638,4.3358
03-02-22 1:00,3.1,74.38,14.1,7.4,Clear,16.312,16.028,25.6,27.122,0.0348,3.4048
03-02-22 2:00,1.9,80.67,5.8,89.1,Partially cloudy,20.953,13.079,28,16.044,0.0429,3.2452
03-02-22 3:00,2,80.51,11.4,89.1,Partially cloudy,11.092,9.158,36.6,6.876,0.0488,2.5802
03-02-22 4:00,3.4,70.33,16.8,8,Clear,8.027,7.077,37.2,6.303,0.0321,2.3674
03-02-22 5:00,2.9,75.13,4.1,89.1,Partially cloudy,6.018,5.079,34.2,6.112,0.385,2.0216
03-02-22 6:00,2.9,75.28,10.9,89.1,Partially cloudy,6,3.08,29,18.145,0.411,2.394
03-02-22 7:00,3.8,64.36,14.6,98.4,Overcast,8.972,3.961,17.4,36.099,0.0325,2.394
03-02-22 8:00,3.9,65.57,14.6,89.1,Partially cloudy,8.01,8.802,8.4,61.693,0.2772,2.6068
03-02-22 9:00,3.9,65.44,15.1,87,Partially cloudy,16.91,16.681,3.2,79.074,0.4501,2.7132
03-02-22 10:00,3.7,70.18,8.5,88.1,Partially cloudy,28.873,22.761,11.2,53.671,0.123,2.793
03-02-22 11:00,4,70.02,14.3,89.1,Partially cloudy,32.963,12.429,17.8,42.975,0.0777,2.3674
03-02-22 12:00,4.9,69.94,14.7,89.1,"Rain, Partially cloudy",33,18.72,19,40.301,0.0708,1.862
03-02-22 13:00,6.2,50.64,18.3,61.9,Partially cloudy,28.047,16.117,19.6,43.548,0.08,1.8088
03-02-22 14:00,4.9,65.53,22,88,Partially cloudy,25.028,17.923,25.8,37.245,0.0429,1.5694
03-02-22 15:00,4.9,60.41,22.4,87,"Rain, Partially cloudy",22.028,12.237,22.6,40.301,0.0916,5.719
03-02-22 16:00,5,55.87,27.8,39.6,Partially cloudy,31.908,14.738,12.6,60.738,0.3016,4.7348
03-02-22 17:00,2.9,64.43,14.8,29,Partially cloudy,37.937,23.64,19.8,42.975,0.0974,3.9634
03-02-22 18:00,1.9,64.33,12.6,29,Partially cloudy,25.116,15.356,12.8,65.895,0.3793,2.8196
03-02-22 19:00,2.9,54.43,7.4,28.1,Partially cloudy,39.867,24.605,3.8,79.265,0.6032,2.926
03-02-22 20:00,1.8,56.17,3.6,86.3,Partially cloudy,60.801,32.684,2.4,86.905,0.9408,3.5112
03-02-22 21:00,0.8,64.72,7.3,87,Partially cloudy,77.839,36.843,5.8,69.715,0.384,2.7398
03-02-22 22:00,1.7,55.66,6.9,6.7,Clear,41.33,22.564,4.2,64.94,0.8584,1.7556
03-02-22 23:00,0.7,69.91,1.8,87,Partially cloudy,79.641,61.382,3.8,65.895,0.993,1.7822
04-02-22 0:00,-1.2,74.99,7.3,86.6,Partially cloudy,95.8571,72.61,3.6,64.749,0.819,1.9684
04-02-22 1:00,-1,66.43,10.4,3.9,Clear,82.163,52.865,14.2,33.043,0.2854,1.33
04-02-22 2:00,-2.2,80.23,3.5,48.6,Partially cloudy,30.491,27.996,18.6,23.875,0.1844,1.1704
04-02-22 3:00,-3.1,86.07,1.8,48.6,Partially cloudy,25.049,23.159,22.6,15.662,0.1868,1.0108
04-02-22 4:00,-1.6,69.91,10.3,4.4,Clear,22.032,24.919,19.6,20.628,0.1473,0.8778
04-02-22 5:00,-4.1,92.36,0.1,27,Partially cloudy,16.055,20.198,9.4,27.695,0.2807,0.931
04-02-22 6:00,-4.2,86.13,5.1,27,Partially cloudy,28.884,29.615,4.2,31.706,0.3132,1.2768
04-02-22 7:00,-2.8,72.23,3.8,49.4,Partially cloudy,31.973,35.763,1.8,36.099,0.4652,2.128
04-02-22 8:00,-2.2,80.07,0.2,0,Clear,40.905,42.718,2.4,38.582,0.4234,2.128
04-02-22 9:00,-0.1,74.74,0.2,0,Clear,41,40.121,3,60.929,0.4257,2.5802
04-02-22 10:00,2.7,53.76,7.2,29.3,Partially cloudy,49.915,35.198,12,45.649,0.4698,4.6284
04-02-22 11:00,2.9,60.03,3.8,0,Clear,55.94,47.489,23.8,31.133,0.1728,3.4048
04-02-22 12:00,4.8,48.96,0.4,2.4,Clear,32.22,24.949,30.4,30.942,0.1566,2.8196
04-02-22 13:00,6,41.53,6.9,38.4,Partially cloudy,37.943,22.078,39.2,24.83,0.0916,3.0058
04-02-22 14:00,6.8,42.8,3.8,0,Clear,26.117,19.12,36.4,34.189,0.0951,3.458
04-02-22 15:00,6.8,39.68,2.2,0,Clear,25.009,12.269,38.2,34.571,0.087,2.8196
04-02-22 16:00,6.9,41.42,6.9,59.4,Partially cloudy,24.01,12.96,42,28.65,0.0858,2.2344
04-02-22 17:00,4.8,52.68,3.7,0,Clear,24.988,14.937,25,46.413,0.1276,3.1388
04-02-22 18:00,2,69.06,11.2,0,Clear,28.951,16.922,3,87.478,0.7273,3.325
04-02-22 19:00,2,58.57,7.2,0,Clear,101.229,52.519,3.6,85.186,1.2226,5.3732
04-02-22 20:00,0,74.31,3.8,0,Clear,134.642,91.428,3.4,80.029,1.1275,4.389
04-02-22 21:00,-2,86.01,0.3,0,Clear,130.057,87.245,2.6,63.794,0.7296,4.4422
04-02-22 22:00,-0.8,69.8,7.1,0,Clear,82.5601,63.029,3.2,67.614,0.9756,3.4314
04-02-22 23:00,-3,86.07,3.4,0,Clear,98.797,66.7939,3.4,55.963,1.08,2.7398
05-02-22 0:00,-4,85.97,3.5,0,Clear,104.927,85.212,2.8,50.042,0.819,2.4206
05-02-22 1:00,-2.9,80.15,10.8,0,Clear,83.116,64.771,3,46.222,0.8561,1.4098
05-02-22 2:00,-5,92.69,0.2,0,Clear,83.99,69.76,2.8,43.93,0.9651,1.7024
05-02-22 3:00,-5,92.31,0.4,0,Clear,88.946,73.84,3,32.661,1.1867,1.596
05-02-22 4:00,-3.7,84.31,6.9,0,Clear,100.883,88.402,2.6,30.178,0.638,1.1438
05-02-22 5:00,-4.9,86.04,3.8,8.2,Clear,61.356,59.197,3,25.976,0.6438,1.1172
05-02-22 6:00,-5.9,92.45,3.7,8.2,Clear,63.973,62.807,2.6,23.111,0.5696,1.197
05-02-22 7:00,-4.3,86.06,3.8,38.4,Partially cloudy,55.087,53.398,1.8,23.493,0.66,1.5428
05-02-22 8:00,-3.9,92.38,0.4,89.1,Partially cloudy,64.9141,57.808,2.4,26.74,0.7157,1.3566
05-02-22 9:00,-2.9,92.06,0.1,99.4,Overcast,69.953,60.882,2.4,37.436,0.776,1.5428
05-02-22 10:00,-1.2,80.09,3.6,80.2,Partially cloudy,89.822,70.613,4.4,44.503,0.5452,1.5162
05-02-22 11:00,1,74.64,0.4,89.1,Partially cloudy,79.104,61.389,4.2,60.165,0.8236,2.4472
05-02-22 12:00,2,69.48,0.3,52.1,Partially cloudy,114.619,92.67,7.2,69.333,0.7714,2.7664
05-02-22 13:00,4,61.67,3.6,52.2,Partially cloudy,112.032,92.08,12.6,70.861,0.6844,2.9792
05-02-22 14:00,5,56.57,3.6,88,Partially cloudy,106.058,86.236,11.4,78.119,0.5997,2.6334
05-02-22 15:00,4.9,56.89,0.1,88.1,Partially cloudy,93.126,73.5179,5.4,94.163,0.6252,2.793
